Date,Pair_Trading,Buy_Hold_SHW,Buy_Hold_HD
2022-01-03,1.0,1.0,1.0
2022-01-04,1.0,0.9899741152818697,1.0102780318921432
2022-01-05,1.0154413027676368,0.9918317332931389,0.9965737398298108
2022-01-06,1.0107085938909361,0.9836045630714544,0.9929520070709505
2022-01-07,1.0096422709690518,0.9531140215408653,0.963219295456901
2022-01-10,1.0256673884918561,0.9533499169863762,0.9481694033660879
2022-01-11,1.0256673884918561,0.9568886300552558,0.9462360546943949
2022-01-12,1.0256673884918561,0.9483074759721964,0.9529168086962178
2022-01-13,1.0256673884918561,0.9359225430035522,0.946994654698088
2022-01-14,1.0256673884918561,0.9095896704245171,0.9103364740371644
2022-01-18,1.0256673884918561,0.9029842227685909,0.8974155695663653
2022-01-19,1.0256673884918561,0.895818628949408,0.8802123181668231
2022-01-20,1.0256673884918561,0.8777422845540633,0.8554714773884795
2022-01-21,1.0256673884918561,0.8635586370889733,0.8542970614397796
2022-01-24,1.0256673884918561,0.8802786999168879,0.8902944615711704
2022-01-25,1.0256673884918561,0.8677165874267446,0.8784748579829258
2022-01-26,1.0256673884918561,0.863263838128639,0.8743147022170584
2022-01-27,1.0256673884918561,0.8350142564327,0.8722345411542998
2022-01-28,1.0256673884918561,0.8483723167362051,0.8969751323931684
2022-01-31,1.0201936343479143,0.8448632430155486,0.8980519784071829
2022-02-01,1.0388416810809205,0.8642661358346942,0.9022609607303056
2022-02-02,1.029029098238738,0.8678933917666205,0.9145701607683021
2022-02-03,1.0308984876387082,0.84875556476418,0.8927416120216807
2022-02-04,1.0235756947845482,0.8307680446180994,0.8801633252499179
2022-02-07,1.021058546929893,0.8233664615579999,0.8744861358363141
2022-02-08,1.011018030541437,0.8246934789588297,0.8844947482753911
2022-02-09,1.0279464277789225,0.8451873999378887,0.8916648491874911
2022-02-10,1.0301335821070994,0.8254600688101856,0.868955509274301
2022-02-11,1.0189245125082331,0.805319568920067,0.8572090207522018
2022-02-14,1.005455344976499,0.7975939227330331,0.8603170349120698
2022-02-15,1.0046449513475824,0.800807916107138,0.8644771906779372
2022-02-16,1.0175817557632163,0.8039337417998194,0.8567196738419247
2022-02-17,1.003638326221486,0.787980550209478,0.8514582171935027
2022-02-18,1.009917277300714,0.7904873262240792,0.8488400490228616
2022-02-22,1.0748503742324769,0.7713493585285301,0.7737127797316719
2022-02-23,1.0748503742324769,0.7649209497009943,0.7548208115256627
2022-02-24,1.0748503742324769,0.7635647150312672,0.7665425124599219
2022-02-25,1.0748503742324769,0.7899586953171612,0.7748873620400218
2022-02-28,1.0748503742324769,0.7777221466804446,0.7728806487627085
2022-03-01,1.0748503742324769,0.7552591318503592,0.7836971036618587
2022-03-02,1.0748503742324769,0.7691212017667678,0.8011208647773866
2022-03-03,1.0748503742324769,0.7626779732651203,0.7937546258380159
2022-03-04,1.0748503742324769,0.7640079921189348,0.7935099939727899
2022-03-07,1.0748503742324769,0.7180770384813473,0.7898638063453896
2022-03-08,1.0812160414324787,0.7089145404733272,0.7751074558568828
2022-03-09,1.0814959191311948,0.7144119830008958,0.7809175666307829
2022-03-10,1.0603594271531858,0.7021163432585443,0.782739371157196
2022-03-11,1.0465183627126922,0.6904119897541651,0.7799082626346411
2022-03-14,1.0594317355287173,0.7023528952718955,0.7837734627411779
2022-03-15,1.0469994282615676,0.7165696525152223,0.8088357935430164
2022-03-16,1.04782467247177,0.7223036001584392,0.8146705255451065
2022-03-17,1.0440307353825642,0.7315843741731348,0.8280878472113049
2022-03-18,1.047349928046512,0.7434365492370072,0.8388707806409937
2022-03-21,1.0585222435408634,0.7265597542860515,0.8108791059433149
2022-03-22,1.0760967520362745,0.7394168533273404,0.8117653869783314
2022-03-23,1.106596135988675,0.7319390146023501,0.7805483313877573
2022-03-24,1.106596135988675,0.7387074317758012,0.7774216849470968
2022-03-25,1.106596135988675,0.7247567252009403,0.7648659399079
2022-03-28,1.106596135988675,0.7406286430721822,0.7737288334378903
2022-03-29,1.106596135988675,0.7665498007175912,0.7821733324483
2022-03-30,1.106596135988675,0.7478108855758893,0.7594003599690106
2022-03-31,1.106596135988675,0.7377912851499455,0.7369233413069514
2022-04-01,1.106596135988675,0.7543132989785775,0.7432259598244773
2022-04-04,1.106596135988675,0.7656334665009239,0.7523102780485281
2022-04-05,1.106596135988675,0.7624710137022894,0.75053763279867
2022-04-06,1.106596135988675,0.7762444938579486,0.734978347459763
2022-04-07,1.1171453515284493,0.7797910857409129,0.745342969549696
2022-04-08,1.1482899209142676,0.7795842668711906,0.7659244863604219
2022-04-11,1.1436675304846118,0.7717221483687619,0.7551169317025429
2022-04-12,1.1602415483673367,0.7594561948723365,0.7540580525307212
2022-04-13,1.1602415483673367,0.7637417538596575,0.7642259543346088
2022-04-14,1.1602415483673367,0.7474856969040856,0.7497005942200335
2022-04-18,1.1602415483673367,0.7275943176116914,0.7390898430280252
2022-04-19,1.1602415483673367,0.7455645325054076,0.7577755252681176
2022-04-20,1.1602415483673367,0.748047249998429,0.7758460927025841
2022-04-21,1.1602415483673367,0.7436730074549527,0.7640779774259937
2022-04-22,1.1602415483673367,0.7238997634761253,0.7388437139259496
2022-04-25,1.1602415483673367,0.7330621676887396,0.7507346858040154
2022-04-26,1.1602415483673367,0.8020766865609849,0.7384742291434491
2022-04-27,1.132338355837199,0.8257515849313178,0.7425118610271411
2022-04-28,1.162661297150398,0.8314559401240144,0.7675249493725995
2022-04-29,1.1465403972530666,0.8126876670203066,0.7395576463636359
2022-05-02,1.1973861269263815,0.7944214807236841,0.755732379227469
2022-05-03,1.1869171067832127,0.7961654187031604,0.7507838450805705
2022-05-04,1.1692129799853488,0.835061904498831,0.7762644872221648
2022-05-05,1.1322333339645072,0.818569295529908,0.7363815911069455
2022-05-06,1.1286586166629586,0.8080175937670326,0.724564399733625
2022-05-09,1.1242683424365996,0.8186285742263544,0.7312610410820165
2022-05-10,1.1450773200795765,0.7872984700187207,0.7168094614721864
2022-05-11,1.1201363233833241,0.782273943927043,0.6966219259024138
2022-05-12,1.1050058494963981,0.8114462848249445,0.7131903904677251
2022-05-13,1.1340597257528264,0.8078698660029454,0.7287989182630122
2022-05-16,1.1420387412307833,0.8020766865609849,0.7287004333502521
2022-05-17,1.1700562746201095,0.7958402300313567,0.7409116475544383
2022-05-18,1.150460445347931,0.7674659473434468,0.7020871315320909
2022-05-19,1.159492143081011,0.7683843919567438,0.7084390756858218
2022-05-20,1.1635432904146183,0.7641775742125665,0.7070356656789895
2022-05-23,1.1528892503318129,0.768088186065323,0.7041798527484194
2022-05-24,1.1677110967926367,0.7632888158451956,0.7088329321570375
2022-05-25,1.1567701540181903,0.7854188569847985,0.7227426783870368
2022-05-26,1.1632913790047121,0.8057120088978074,0.7454908632784862
2022-05-27,1.1662618108161318,0.8186877591273951,0.7594003599690106
2022-05-31,1.1797429318264483,0.7940694665658303,0.745342969549696
2022-06-01,1.1776266225204355,0.785833714064518,0.7362755368301134
2022-06-02,1.1932428121888166,0.7983648271730543,0.7577799337988409
2022-06-03,1.1928614411021028,0.7965578586809008,0.7558226293375575
2022-06-06,1.1609247130874367,0.8147771472746385,0.75287440362145
2022-06-07,1.1435396251733203,0.8212948024307642,0.7476224294730741
2022-06-08,1.165215069277368,0.7941876487771002,0.7371178157377227
2022-06-09,1.200810058930276,0.7761462431704048,0.7428903292307381
2022-06-10,1.2250619873670174,0.7329825353892411,0.7165797187956293
2022-06-13,1.2466455112408044,0.704660871923968,0.7015167674722965
2022-06-14,1.2707979443995812,0.6798351977202464,0.690393004709808
2022-06-15,1.2783454328461894,0.6783835731228515,0.6930191997335584
2022-06-16,1.2783454328461894,0.6486400651015153,0.6774854921908285
2022-06-17,1.2783454328461894,0.6600160877879976,0.6707220990329015
2022-06-21,1.2783454328461894,0.6521949109801873,0.666931469639447
2022-06-22,1.2783454328461894,0.6553056825102427,0.6663865586060924
2022-06-23,1.2783454328461894,0.6662373494618911,0.682341405602627
2022-06-24,1.2783454328461894,0.6850787360843964,0.7011204156063319
2022-06-27,1.2783454328461894,0.6729621986693621,0.7003525826420673
2022-06-28,1.2783454328461894,0.6615564897369536,0.6692851259666951
2022-06-29,1.2783454328461894,0.6677778452062528,0.6785012842133177
2022-06-30,1.2783454328461894,0.6633340064716954,0.6794921638782294
2022-07-01,1.2783454328461894,0.6968696158505981,0.6914087551423848
2022-07-05,1.2616041694986888,0.7176070766007382,0.7029289945405753
2022-07-06,1.2582808837927597,0.7191178860991738,0.7025572639028007
2022-07-07,1.2889273437470672,0.7094898345946158,0.7102622942692595
2022-07-08,1.2943965958628076,0.7059348011251322,0.7097172168762549
2022-07-11,1.2740994696667758,0.716807236278037,0.70951899935336
2022-07-12,1.2442269358719888,0.7304348176800213,0.7063726392941826
2022-07-13,1.2574558318292333,0.7279461910764364,0.7114763038146434
2022-07-14,1.2740769253517494,0.7241542304119785,0.7171744545441388
2022-07-15,1.2810829829839736,0.7275017415461966,0.7244333915093029
2022-07-18,1.295989637348942,0.7206288362907181,0.7260189653328116
2022-07-19,1.295989637348942,0.7331601838877689,0.7428160496470431
2022-07-20,1.295989637348942,0.7392334364113577,0.7489352566505182
2022-07-21,1.295989637348942,0.7601485925577285,0.7556244949944877
2022-07-22,1.295989637348942,0.7673178443977364,0.7595638083250694
2022-07-25,1.295989637348942,0.7673178443977364,0.7584734039995854
2022-07-26,1.295989637348942,0.7533348722032907,0.7387281771490714
2022-07-27,1.295989637348942,0.6872118312024111,0.7405368392631398
2022-07-28,1.295989637348942,0.7200065975688419,0.7423205474297184
2022-07-29,1.295989637348942,0.7167480513769963,0.7455660578402558
2022-08-01,1.295989637348942,0.720154794309958,0.757656079039466
2022-08-02,1.295989637348942,0.7216953369520226,0.7449961928594113
2022-08-03,1.295989637348942,0.7089862001633354,0.7590185645724149
2022-08-04,1.295989637348942,0.720154794309958,0.7610004902618883
2022-08-05,1.295989637348942,0.7023501283074253,0.7672438847440383
2022-08-08,1.295989637348942,0.7124522686904463,0.7728923771180287
2022-08-09,1.295989637348942,0.6883672499083854,0.7561448679794772
2022-08-10,1.295989637348942,0.7220804608881131,0.7719260770913945
2022-08-11,1.295989637348942,0.7228211163097736,0.7697212294710113
2022-08-12,1.295989637348942,0.7453954662865077,0.7801264433155278
2022-08-15,1.295989637348942,0.7623705588227101,0.7794328899349584
2022-08-16,1.295989637348942,0.7592006492893169,0.8110700868214377
2022-08-17,1.295989637348942,0.7449806092067882,0.807056577086986
2022-08-18,1.288362454123013,0.7393383934704141,0.8056939251943871
2022-08-19,1.2810560443806311,0.7263019576132934,0.7960566274939599
2022-08-22,1.3009299094472568,0.716977474939509,0.7734868633270633
2022-08-23,1.3009299094472568,0.7069996603668357,0.7603315581095089
2022-08-24,1.3009299094472568,0.7113055729572088,0.7633295253609463
2022-08-25,1.3009299094472568,0.7261534794859599,0.7674667234951231
2022-08-26,1.3009299094472568,0.6999319889512764,0.7385300428060015
2022-08-29,1.3009299094472568,0.6949134188678651,0.734120347565235
2022-08-30,1.3009299094472568,0.6978532482709051,0.7261427369123615
2022-08-31,1.3009299094472568,0.689241423090159,0.7192106134794902
2022-09-01,1.3009299094472568,0.6899244412349741,0.731553917245723
2022-09-02,1.3009299094472568,0.6883803343674902,0.7278883487191056
2022-09-06,1.3009299094472568,0.6781945284825226,0.7220033761027357
2022-09-07,1.3009299094472568,0.7086922453616531,0.741777715891988
2022-09-08,1.3009299094472568,0.7150175261405451,0.7478373661407872
2022-09-09,1.3009299094472568,0.7137405954863962,0.7475130480032434
2022-09-12,1.3009299094472568,0.7215209243949938,0.7419523103445924
2022-09-13,1.3009299094472568,0.6855591561527489,0.69305238848372
2022-09-14,1.3009299094472568,0.6706814695826658,0.6890875389468736
2022-09-15,1.3009299094472568,0.6648017638788828,0.6771181700837771
2022-09-16,1.3009299094472568,0.6579419430825091,0.6881649083283468
2022-09-19,1.3009299094472568,0.6627527563421405,0.6992614296981587
2022-09-20,1.3009299094472568,0.6498350185710213,0.6836764417933371
2022-09-21,1.3009299094472568,0.6350167513904934,0.6771929903363343
2022-09-22,1.3009299094472568,0.6178228810703331,0.6711336312169225
2022-09-23,1.3009299094472568,0.6272365162773016,0.6756219729821947
2022-09-26,1.3009299094472568,0.620643871694263,0.6647498291902294
2022-09-27,1.3009299094472568,0.6193373016918909,0.6700113690184764
2022-09-28,1.3009299094472568,0.6327302538863423,0.7036751175705236
2022-09-29,1.3009299094472568,0.6171991885196675,0.694049922534629
2022-09-30,1.3009299094472568,0.6080232308709195,0.6880901712556144
2022-10-03,1.3009299094472568,0.6366203714429383,0.7074406682467507
2022-10-04,1.3009299094472568,0.6518544336572433,0.7220531176380656
2022-10-05,1.3009299094472568,0.6454992790416135,0.7227764493959731
2022-10-06,1.3009299094472568,0.6437176822067208,0.7241227980428785
2022-10-07,1.3009299094472568,0.6105472652401823,0.7089866484735754
2022-10-10,1.3107062245042638,0.6111413184426249,0.7043485414334513
2022-10-11,1.3004949672593236,0.6073104326847725,0.7054207293772676
2022-10-12,1.2923131282683602,0.5984017450447653,0.6995108859932329
2022-10-13,1.3084139713105336,0.6107849427984028,0.705271255231803
2022-10-14,1.3127031007026313,0.59896592441047,0.6893119165247203
2022-10-17,1.3380571255550642,0.6210002004407821,0.7013561472302865
2022-10-18,1.3380571255550642,0.6314236838839702,0.710831909710629
2022-10-19,1.3380571255550642,0.6154174978893688,0.6869678674672558
2022-10-20,1.3380571255550642,0.5975405625266906,0.6719312841484374
2022-10-21,1.3380571255550642,0.6171398160278152,0.6870676832572155
2022-10-24,1.3380571255550642,0.6311266338338976,0.7063433599957945
2022-10-25,1.3380571255550642,0.6539032067054711,0.7237987294448096
2022-10-26,1.3380571255550642,0.6559226217916929,0.7235244855618955
2022-10-27,1.3380571255550642,0.6588032662936923,0.7257937143668027
2022-10-28,1.3380571255550642,0.671809969007184,0.7447202022001729
2022-10-31,1.3380571255550642,0.6682464001557754,0.7384362991432645
2022-11-01,1.3380571255550642,0.6675041033145139,0.7382617046906601
2022-11-02,1.3380571255550642,0.6406293277786443,0.7199836867727276
2022-11-03,1.3380571255550642,0.6449648328195378,0.7019546260709194
2022-11-04,1.3380571255550642,0.6421139683588702,0.7082633998954929
2022-11-07,1.3380571255550642,0.6573777168191014,0.7238236833922995
2022-11-08,1.3380571255550642,0.6694045858262199,0.7259931795870721
2022-11-09,1.3380571255550642,0.6592486537779898,0.7150462155425495
2022-11-10,1.3380571255550642,0.7097315922529872,0.7772620628629864
2022-11-11,1.3380571255550642,0.7045051715503903,0.7853414024417936
2022-11-14,1.3543081532754473,0.6951212225893478,0.7653425603049572
2022-11-15,1.3698659609908064,0.7144532998771373,0.7778355877561294
2022-11-16,1.358031559335746,0.7151065848783235,0.7852666237791489
2022-11-17,1.3554700574777196,0.7058779142115328,0.7766136761273736
2022-11-18,1.3646464976228503,0.7146003710733843,0.7809525853370938
2022-11-21,1.344525651581938,0.7122784189058522,0.789929684766763
2022-11-22,1.3336919367296156,0.7247519885329489,0.8101280753036937
2022-11-23,1.383409364203107,0.7442514437223344,0.8017245839469925
2022-11-25,1.3597986404560711,0.742822470715433,0.813868339313131
2022-11-28,1.3692987425342762,0.7310335137550493,0.7952658368980048
2022-11-29,1.3597584029559266,0.7191553573637788,0.7878848751296149
2022-11-30,1.3596004901334424,0.7418101837986633,0.8127963177289645
2022-12-01,1.3599345317622844,0.7490444358548696,0.8205231412095644
2022-12-02,1.3892956018527471,0.7673232845312711,0.8228311318129059
2022-12-05,1.4003779059711936,0.7549388674373585,0.8029871705101569
2022-12-06,1.4003779059711936,0.7545518206954498,0.7963894299736503
2022-12-07,1.4003779059711936,0.747585729704339,0.8031628463004857
2022-12-08,1.4003779059711936,0.7574991537309514,0.813047188081063
2022-12-09,1.4003779059711936,0.7528251879683381,0.8039907350983759
2022-12-12,1.4003779059711936,0.7558022541474687,0.822806177865416
2022-12-13,1.406882843617657,0.7706277435742409,0.8351239454253842
2022-12-14,1.349273475914429,0.7403217914022067,0.8364784456951363
2022-12-15,1.3485039053037,0.7269551488190736,0.8218527707116516
2022-12-16,1.3454960695499274,0.7158805845667351,0.811165660440324
2022-12-19,1.357300184522653,0.708854792799852,0.7960883190072721
2022-12-20,1.3706299311754009,0.7102540795608274,0.7898415973321236
2022-12-21,1.3718065553875607,0.7210605296457732,0.8011809206110124
2022-12-22,1.3805701285345326,0.7183514369409266,0.7930525881152999
2022-12-23,1.3770097742944887,0.722429942570011,0.7996004207568266
2022-12-27,1.3550253372785623,0.7127547588740537,0.8016576241878945
2022-12-28,1.360243622470885,0.7069793067637837,0.7920745597333454
2022-12-29,1.362076457442677,0.7184110908189961,0.803815059308047
2022-12-30,1.3588979278004978,0.706532793734617,0.7924004582875637
2023-01-03,1.3703634869900356,0.7126058586673942,0.792525810283788
2023-01-04,1.3813291128880736,0.7269251811869302,0.802109290637462
2023-01-05,1.3067892374119072,0.6780130812700611,0.7914220971863093
2023-01-06,1.3444453616444065,0.701977948137331,0.7965900597114691
2023-01-09,1.3444570907727593,0.7026030945167863,0.7972925133333101
2023-01-10,1.3216470113714467,0.6969171232236205,0.8043671238063487
2023-01-11,1.3416825243774095,0.725674841530317,0.8253648724612062
2023-01-12,1.3380245622415836,0.7256153752430591,0.8275475110683234
2023-01-13,1.3443372146469024,0.7319862405891552,0.8309090573346888
2023-01-17,1.3697710363199416,0.7377019919236528,0.8216770949213227
2023-01-18,1.3663175015097555,0.7271932015589172,0.8120437066726689
2023-01-19,1.3648462140837734,0.6976315628293684,0.7799071812969165
2023-01-20,1.4106500611079873,0.7302892003125638,0.7902428568077613
2023-01-23,1.4126979845298486,0.7324623929665451,0.7914472174934492
2023-01-24,1.4218644482588478,0.7423461307472314,0.7969914855467568
2023-01-25,1.4108459589378295,0.7355885000454438,0.7959125600371182
2023-01-26,1.300399733239701,0.670004876423146,0.7872575328897187
2023-01-27,1.3085727200925965,0.6803649072743309,0.7944826988459465
2023-01-30,1.3320947428443848,0.6873311389585502,0.7883362920397073
2023-01-31,1.3229449899075691,0.7043298210393037,0.8132478178188819
2023-02-01,1.344020638562786,0.7240674227639387,0.8230819189851796
2023-02-02,1.307861431882243,0.7304083204778914,0.852433916540358
2023-02-03,1.320473054134485,0.7196315097411687,0.8316367144434945
2023-02-06,1.3364577073302255,0.7235017895694443,0.8260422057759073
2023-02-07,1.327735722232799,0.709837205879884,0.8158318822612868
2023-02-08,1.3294255783722817,0.7011146083249238,0.8047684664618114
2023-02-09,1.3285621373614172,0.6892066718923213,0.7916227269241282
2023-02-10,1.3185400179854287,0.686169998732824,0.7941064764976237
2023-02-13,1.3042398418868348,0.693880543859529,0.8116423640172062
2023-02-14,1.3184763910622823,0.6905164778361925,0.798847809700531
2023-02-15,1.3130976640364274,0.692600424161584,0.8045175961097129
2023-02-16,1.2796902605898326,0.6761672814799189,0.8058972998664299
2023-02-17,1.29758522939993,0.6786977877321799,0.797643781734143
2023-02-21,1.3621137789737097,0.6645272247261947,0.7413231381485469
2023-02-22,1.3548258099755657,0.6627708119577512,0.7433301841451601
2023-02-23,1.3436184383747918,0.6640211047166614,0.750881415015256
2023-02-24,1.3472695469404607,0.6599465384946194,0.7442334338644698
2023-02-27,1.3554623447421985,0.6625137187505364,0.7426027765758293
2023-02-28,1.3494322990810679,0.6607524755186956,0.7439322397182666
2023-03-01,1.3613323137934763,0.6537672502648079,0.7295072776524257
2023-03-02,1.382034061610666,0.6687227401239769,0.7351017863200131
2023-03-03,1.382034061610666,0.6816182483839286,0.7487238135354537
2023-03-06,1.382034061610666,0.670065937232302,0.7481219243219971
2023-03-07,1.382034061610666,0.6582150753041105,0.7292815276074671
2023-03-08,1.382034061610666,0.6568120836246072,0.7365588473139488
2023-03-09,1.382034061610666,0.6483343858741117,0.7277399559113655
2023-03-10,1.382034061610666,0.6391104049776096,0.7234696700572427
2023-03-13,1.382034061610666,0.637617932481002,0.7240001909808781
2023-03-14,1.382034061610666,0.6477373781163875,0.721599704412174
2023-03-15,1.382034061610666,0.6464240079470971,0.7276641790908213
2023-03-16,1.382034061610666,0.6577672022415602,0.7245309614439884
2023-03-17,1.382034061610666,0.6487225112631868,0.728725470477567
2023-03-20,1.382034061610666,0.6553792181083662,0.7309239132514278
2023-03-21,1.382034061610666,0.6591106338383997,0.7313534538675541
2023-03-22,1.382034061610666,0.6308715572279068,0.7141200913713741
2023-03-23,1.382034061610666,0.6240655280967421,0.7174051121987705
2023-03-24,1.4010423045456446,0.6306924080028866,0.7151560960913301
2023-03-27,1.4272784044706497,0.6386030187300984,0.7107340070566436
2023-03-28,1.4272784044706497,0.6320058250698799,0.7095971052090034
2023-03-29,1.4272784044706497,0.6427522460951332,0.7160152605034076
2023-03-30,1.4272784044706497,0.6478269527288976,0.7210690171288886
2023-03-31,1.4272784044706497,0.6709615426642942,0.7457314193322889
2023-04-03,1.4272784044706497,0.6765436355455698,0.7523264149345715
2023-04-04,1.4272784044706497,0.6663943629711495,0.7453269990233025
2023-04-05,1.4272784044706497,0.6651704267212606,0.7294329980687309
2023-04-06,1.4272784044706497,0.6686032916747292,0.7292814444276421
2023-04-10,1.4272784044706497,0.6697972602924747,0.7357502562354508
2023-04-11,1.4272784044706497,0.6754689746839634,0.7423199651709437
2023-04-12,1.4272784044706497,0.6739764083919499,0.733905494077347
2023-04-13,1.4272784044706497,0.6789615873109073,0.7382264364448743
2023-04-14,1.4272784044706497,0.6735883299005778,0.7383276662918584
2023-04-17,1.4272784044706497,0.6886631744135888,0.7464388637436278
2023-04-18,1.4272784044706497,0.6867826234256089,0.7554093919671246
2023-04-19,1.4272784044706497,0.6972901006546638,0.7502544054946596
2023-04-20,1.4272784044706497,0.6978274076366155,0.754449164067713
2023-04-21,1.4272784044706497,0.6974394229406492,0.7581635591515857
2023-04-24,1.4272784044706497,0.7061558299988285,0.7622065145440756
2023-04-25,1.4272784044706497,0.7008721003033062,0.7487888601585774
2023-04-26,1.4272784044706497,0.6832898701055564,0.7279167962192441
2023-04-27,1.4272784044706497,0.6946034250517962,0.7427243023001051
2023-04-28,1.4272784044706497,0.7090813087047858,0.7594269775129998
2023-05-01,1.4272784044706497,0.6923646694091818,0.7522506381140273
2023-05-02,1.4272784044706497,0.6921855201841617,0.7436088365587974
2023-05-03,1.4272784044706497,0.6911109062202581,0.7405764328598239
2023-05-04,1.4272784044706497,0.6786332095953075,0.72205453169509
2023-05-05,1.4272784044706497,0.6890811267416986,0.7318334846374349
2023-05-08,1.4272784044706497,0.6893497098861202,0.7275631156034871
2023-05-09,1.4272784044706497,0.684633301702396,0.7342593410527538
2023-05-10,1.4272784044706497,0.6865736003638512,0.730342569454738
2023-05-11,1.4272784044706497,0.6871109073458029,0.7269566514996574
2023-05-12,1.4272784044706497,0.678901839637432,0.7339814372575412
2023-05-15,1.4272784044706497,0.6764242808917279,0.7291045209399387
2023-05-16,1.4272784044706497,0.6633495296113503,0.7134126469600353
2023-05-17,1.4272784044706497,0.6794988004974533,0.738832900548704
2023-05-18,1.4272784044706497,0.6969932850931055,0.745832482819623
2023-05-19,1.4272784044706497,0.6966940308509972,0.7350172756178472
2023-05-22,1.4272784044706497,0.6903188509162357,0.7344614680274221
2023-05-23,1.4272784044706497,0.6795737430266633,0.7452765920493729
2023-05-24,1.4272784044706497,0.6847516246067745,0.7355733327477474
2023-05-25,1.4272784044706497,0.6779574605944396,0.724581451597743
2023-05-26,1.4272784044706497,0.6858291931259598,0.7399448484488543
2023-05-30,1.4272784044706497,0.6837340851472817,0.7388583535751437
2023-05-31,1.4272784044706497,0.6817585663109601,0.7213989914945301
2023-06-01,1.4272784044706497,0.7030392431536154,0.7339716220381952
2023-06-02,1.4272784044706497,0.7208180685218585,0.7531869102238485
2023-06-05,1.4272784044706497,0.7175256621885301,0.7459589993333969
2023-06-06,1.4272784044706497,0.7192317537217783,0.7533397947421367
2023-06-07,1.4272784044706497,0.7206084826876661,0.7678465225759195
2023-06-08,1.4272784044706497,0.7280612780393159,0.7662939711429224
2023-06-09,1.4272784044706497,0.7206084826876661,0.756775620592197
2023-06-12,1.4272784044706497,0.7330297613760461,0.7657087178944592
2023-06-13,1.4272784044706497,0.7398539399182273,0.763723381832162
2023-06-14,1.4272784044706497,0.7358432014698115,0.7627818693933679
2023-06-15,1.4272784044706497,0.7466780715627056,0.7686609362421651
2023-06-16,1.4272784044706497,0.7419489541014995,0.7644870558051782
2023-06-20,1.4272784044706497,0.7433856183316743,0.767108384809168
2023-06-21,1.4272784044706497,0.740123273425895,0.7653016358310738
2023-06-22,1.4272784044706497,0.7371302151300806,0.7665229652010548
2023-06-23,1.4272784044706497,0.7394048944131048,0.7655814527622605
2023-06-26,1.4272784044706497,0.7533825202694217,0.7836005318850727
2023-06-27,1.4272784044706497,0.7682878295865039,0.798489138295276
2023-06-28,1.4272784044706497,0.7662825776065533,0.7800882637758683
2023-06-29,1.4272784044706497,0.7820560571994399,0.7834222775201699
2023-06-30,1.4272784044706497,0.7947167486610471,0.7905994487173921
2023-07-03,1.4272784044706497,0.7905563596427257,0.7890215274377802
2023-07-05,1.4272784044706497,0.774543420378909,0.7910065307807774
2023-07-06,1.4272784044706497,0.7703232836871124,0.7686609362421651
2023-07-07,1.4272784044706497,0.7644866769722806,0.7706716421510769
2023-07-10,1.4272784044706497,0.769006255496997,0.7896832229453876
2023-07-11,1.4272784044706497,0.7823254845025134,0.7982855140837585
2023-07-12,1.4272784044706497,0.7878027141201386,0.8081093841315852
2023-07-13,1.4272784044706497,0.797051034924438,0.8006780153892658
2023-07-14,1.4272784044706497,0.7992662010225012,0.8055135081540351
2023-07-17,1.4272784044706497,0.8016306894065499,0.8043682051440733
2023-07-18,1.4272784044706497,0.8012117991243823,0.8061752036616424
2023-07-19,1.4272784044706497,0.8021694502172911,0.8130979277742926
2023-07-20,1.4272784044706497,0.7971408909231653,0.812105176563319
2023-07-21,1.4272784044706497,0.8043243996648503,0.8156175278523485
2023-07-24,1.4272784044706497,0.8021991833609201,0.8274265676028223
2023-07-25,1.4272784044706497,0.825964125320792,0.8274775568355267
2023-07-26,1.4272784044706497,0.8407498454955179,0.8388283589302609
2023-07-27,1.4272784044706497,0.8292566254495262,0.8391337120677124
2023-07-28,1.4272784044706497,0.838415184050504,0.8433588312768785
2023-07-31,1.4272784044706497,0.8275805953438272,0.8496448970092361
2023-08-01,1.4272784044706497,0.8386546437214341,0.845140127228533
2023-08-02,1.4272784044706497,0.8311121799618684,0.8360543949474578
2023-08-03,1.4272784044706497,0.8177931385471635,0.8394903871571681
2023-08-04,1.4272784044706497,0.8187808979653244,0.8307859511937387
2023-08-07,1.4272784044706497,0.8210556241460515,0.8377595813592681
2023-08-08,1.4272784044706497,0.8165359987236321,0.8342982193029431
2023-08-09,1.4272784044706497,0.8126449901106814,0.8353161740008814
2023-08-10,1.4272784044706497,0.8166856023958348,0.8383449177875564
2023-08-11,1.4272784044706497,0.8192597235117788,0.8426969694096212
2023-08-14,1.4272784044706497,0.8279695648915543,0.8397447510619153
2023-08-15,1.4272784044706497,0.8238690173421139,0.845318464773261
2023-08-16,1.4272784044706497,0.8173142192053034,0.8475833682272699
2023-08-17,1.4272784044706497,0.8040103726463332,0.8329492920814636
2023-08-18,1.4272784044706497,0.8103698887483313,0.8331784524992459
2023-08-21,1.4272784044706497,0.8110601291393905,0.8247541661863032
2023-08-22,1.4272784044706497,0.8111497975473064,0.8258231932967708
2023-08-23,1.4272784044706497,0.8160693665799278,0.8299206314746136
2023-08-24,1.4272784044706497,0.8076102403197748,0.8210129871987913
2023-08-25,1.4272784044706497,0.7938116229953694,0.8217002189126633
2023-08-28,1.4272784044706497,0.7990009476149845,0.8294626433583489
2023-08-29,1.4272784044706497,0.8112997764011322,0.838294011734677
2023-08-30,1.4272784044706497,0.8102798451587924,0.846848724013167
2023-08-31,1.4272784044706497,0.8150793560720285,0.8460034506318589
2023-09-01,1.4272784044706497,0.8243786077816608,0.853124059548104
2023-09-05,1.4272784044706497,0.8086900130309957,0.8395490289337694
2023-09-06,1.4272784044706497,0.807130383023857,0.8349898595475383
2023-09-07,1.4272784044706497,0.8133996679455044,0.8411882537443814
2023-09-08,1.4272784044706497,0.8142695265386128,0.841930966401506
2023-09-11,1.4272784044706497,0.8208686899023524,0.8410601568139332
2023-09-12,1.4272784044706497,0.8061104517815171,0.8357071191782233
2023-09-13,1.4272784044706497,0.8053005284526956,0.8346825100942876
2023-09-14,1.4272784044706497,0.8041305245611242,0.844287450842803
2023-09-15,1.4272784044706497,0.7848125165842001,0.8232077700603536
2023-09-18,1.4272784044706497,0.7797729832275994,0.8126039227938173
2023-09-19,1.4272784044706497,0.7841824459459421,0.8058164490765626
2023-09-20,1.4272784044706497,0.7793530611959684,0.7962115083280472
2023-09-21,1.4272784044706497,0.7630646448254059,0.7857102217856945
2023-09-22,1.4272784044706497,0.7639345034185142,0.7830718409175866
2023-09-25,1.4272784044706497,0.7685541147434841,0.7850185815410993
2023-09-26,1.4272784044706497,0.7615347948595991,0.7749015026102661
2023-09-27,1.4272784044706497,0.751785794179301,0.773057156351287
2023-09-28,1.4272784044706497,0.7685541147434841,0.7773345124905321
2023-09-29,1.4272784044706497,0.7650743520871307,0.7739281322985098
2023-10-02,1.4272784044706497,0.7578751326149793,0.7679600630369986
2023-10-03,1.4272784044706497,0.7462362483038273,0.7477514413815969
2023-10-04,1.4272784044706497,0.76930396211491,0.7489040642161557
2023-10-05,1.43915908824991,0.7610847176050131,0.7471366592952706
2023-10-06,1.4382748190263386,0.7644745304672333,0.7500052819188854
2023-10-09,1.467851190600875,0.7553853804665253,0.7565111087488041
2023-10-10,1.467851190600875,0.7595248531093599,0.7663976963846555
2023-10-11,1.467851190600875,0.7665442198909478,0.7634008936507675
2023-10-12,1.467851190600875,0.7471362152221878,0.7505176696406781
2023-10-13,1.467851190600875,0.740746825283452,0.7477002857892426
2023-10-16,1.467851190600875,0.7570351009609058,0.7615569632909133
2023-10-17,1.467851190600875,0.7584450335004361,0.7579966172428783
2023-10-18,1.467851190600875,0.726798229105221,0.743397060724433
2023-10-19,1.467851190600875,0.7165992449657427,0.7345092964267778
2023-10-20,1.467851190600875,0.713029579412959,0.7335873312468506
2023-10-23,1.467851190600875,0.715849256901208,0.7301552484889137
2023-10-24,1.467851190600875,0.7048703639627546,0.725647234695037
2023-10-25,1.467851190600875,0.715759260209372,0.7195513180425525
2023-10-26,1.467851190600875,0.7130594532496966,0.7120465015147878
2023-10-27,1.467851190600875,0.7080199667907986,0.708102197394708
2023-10-30,1.467851190600875,0.7061901122196373,0.7209599683783577
2023-10-31,1.467851190600875,0.7145594293787658,0.7291818781771574
2023-11-01,1.467851190600875,0.7166591802300295,0.7341508745609977
2023-11-02,1.467851190600875,0.7358872384128204,0.7543851987823139
2023-11-03,1.467851190600875,0.7526555589770035,0.7571514270413952
2023-11-06,1.467851190600875,0.7514257136165511,0.7544875931468475
2023-11-07,1.467851190600875,0.7558953460876952,0.7549999808686403
2023-11-08,1.467851190600875,0.76819412797614,0.757945461650524
2023-11-09,1.467851190600875,0.7571251445504447,0.7373268466378632
2023-11-10,1.4673371849879115,0.7671741967338,0.7468549292281095
2023-11-13,1.4602954945018911,0.7615946832261831,0.737839068000006
2023-11-14,1.4675644724161077,0.7989410123506977,0.7776932670756119
2023-11-15,1.4981449244650638,0.7942916678820988,0.7893727958386132
2023-11-16,1.4981449244650638,0.8096701750212892,0.784890484610651
2023-11-17,1.4981449244650638,0.8126166638981389,0.7870163945771412
2023-11-20,1.4981449244650638,0.8209147434465853,0.7893727958386132
2023-11-21,1.4815473119695168,0.8224180962102623,0.7820731007592155
2023-11-22,1.494264600209341,0.8257552429521429,0.7919596883950669
2023-11-24,1.4950937939528604,0.8293029603799764,0.795801681330438
2023-11-27,1.4985915850560199,0.8279501492425599,0.7963653078244101
2023-11-28,1.520758313641237,0.8221474964646167,0.8025636188414281
2023-11-29,1.520758313641237,0.822959108110742,0.8019703803297681
2023-11-30,1.520758313641237,0.8382326581908761,0.8083393763476171
2023-12-01,1.520758313641237,0.8488457021491248,0.8241457889464993
2023-12-04,1.520758313641237,0.846229935873019,0.8354912675324355
2023-12-05,1.520758313641237,0.8508602398742466,0.8341504087539778
2023-12-06,1.520758313641237,0.8620143895283807,0.8408802388525309
2023-12-07,1.520758313641237,0.8766564151414674,0.8410351196866184
2023-12-08,1.520758313641237,0.8713650411203748,0.8418086920588055
2023-12-11,1.520758313641237,0.8768069567677278,0.8543401485891121
2023-12-12,1.520758313641237,0.8863979121893039,0.8591621662222368
2023-12-13,1.520758313641237,0.9121642605174899,0.8854629614379995
2023-12-14,1.520758313641237,0.9223264299602035,0.9071482745260289
2023-12-15,1.520758313641237,0.9313461713606421,0.912795186483345
2023-12-18,1.520758313641237,0.9271370087313205,0.9045697831318967
2023-12-19,1.520758313641237,0.9236490389769623,0.9078187039152578
2023-12-20,1.520758313641237,0.9146294851673352,0.899025930977714
2023-12-21,1.520758313641237,0.9228074128009907,0.8998253722754657
2023-12-22,1.520758313641237,0.9358560420608614,0.8988455139373619
2023-12-26,1.520758313641237,0.9400652984855887,0.900702087630611
2023-12-27,1.520758313641237,0.9418690779339461,0.8986906331032746
2023-12-28,1.520758313641237,0.9405763896516279,0.8956739503912197
2023-12-29,1.520758313641237,0.937750146484975,0.8935852218064895
2024-01-02,1.520758313641237,0.9167341602774018,0.8897947171827725
2024-01-03,1.520758313641237,0.8922606878223455,0.87220925448751
2024-01-04,1.520758313641237,0.8892541698858032,0.8730601840969158
2024-01-05,1.520758313641237,0.8919899942812941,0.8842768171339792
2024-01-08,1.520758313641237,0.9003783988054967,0.8971435715387253
2024-01-09,1.520758313641237,0.8944855148472031,0.8926570181396899
2024-01-10,1.520758313641237,0.8971614039784072,0.92001494575095
2024-01-11,1.520758313641237,0.8942150088969633,0.9193188137958065
2024-01-12,1.520758313641237,0.9095185735069437,0.9172042994653368
2024-01-16,1.520758313641237,0.9022123803745119,0.9242181886661499
2024-01-17,1.520758313641237,0.904617857350882,0.9171785968994222
2024-01-18,1.520758313641237,0.9211236914720186,0.9228513777823028
2024-01-19,1.520758313641237,0.9140583649416034,0.9344805827511993
2024-01-22,1.520758313641237,0.9244610258047107,0.9197313857276397
2024-01-23,1.520758313641237,0.9183878670765275,0.9044923427148531
2024-01-24,1.520758313641237,0.9051589630467675,0.8954417954997386
2024-01-25,1.520758313641237,0.9137277361362652,0.9049823550637299
2024-01-26,1.520758313641237,0.9075340503116681,0.9161472502496643
2024-01-29,1.520758313641237,0.9262951011691316,0.9171785968994222
2024-01-30,1.520758313641237,0.9249120879110572,0.9207885181231371
2024-01-31,1.520758313641237,0.9151406701287802,0.9101133857466046
2024-02-01,1.520758313641237,0.9292716045758276,0.9284469677876146
2024-02-02,1.520758313641237,0.9320075227667244,0.9211238991774015
2024-02-05,1.520758313641237,0.9154712989341184,0.9157347614976561
2024-02-06,1.520758313641237,0.9256636704974899,0.9185968129150985
2024-02-07,1.520758313641237,0.9316167711062877,0.9352025004520823
2024-02-08,1.520758313641237,0.9385018228668134,0.9378584322632582
2024-02-09,1.520758313641237,0.9372691636441879,0.9363886447561026
2024-02-12,1.520758313641237,0.9333004924352598,0.9423191167367291
2024-02-13,1.520758313641237,0.9236490389769623,0.9220519364845511
2024-02-14,1.520758313641237,0.9351345677996807,0.9237023073917086
2024-02-15,1.520758313641237,0.9395842218493959,0.9310510785678364
2024-02-16,1.520758313641237,0.9292716045758276,0.9343258682767619
2024-02-20,1.520758313641237,0.9358260275310151,0.9348932378628574
2024-02-21,1.520758313641237,0.9449359063163983,0.9389156478385806
2024-02-22,1.520758313641237,0.963967369328696,0.9575066714378614
2024-02-23,1.520758313641237,0.9703707816805942,0.9591053876737148
2024-02-26,1.520758313641237,0.971817200632969,0.9581771840069152
2024-02-27,1.520758313641237,0.987516394264486,0.9683879234206605
2024-02-28,1.520758313641237,0.9934223157841816,0.9736740844770975
2024-02-29,1.520758313641237,1.0005035875335775,0.9814095586594939
2024-03-01,1.520758313641237,1.010146130428327,0.9913112018436642
2024-03-04,1.520758313641237,1.015781077020754,0.9807907839415692
2024-03-05,1.520758313641237,1.0042702234384777,0.9758399207595715
2024-03-06,1.520758313641237,1.013942874658479,0.9790564845910206
2024-03-07,1.520758313641237,1.0385616361970729,0.9767479949087293
2024-03-08,1.520758313641237,1.026598876349798,0.9684471474560366
2024-03-11,1.520758313641237,1.0256947824335838,0.9637004075645064
2024-03-12,1.520758313641237,1.0326555270865656,0.9715340339403631
2024-03-13,1.520758313641237,1.0149071852251976,0.9830770646105945
2024-03-14,1.520758313641237,1.0092120219822664,0.9734276226557222
2024-03-15,1.520758313641237,1.0084287365486837,0.9681360549106623
2024-03-18,1.520758313641237,1.0102664699339297,0.9647119574159222
2024-03-19,1.520758313641237,1.0142140371765593,0.9841666371378288
2024-03-20,1.520758313641237,1.027683526422119,0.9971362849860582
2024-03-21,1.520758313641237,1.0463056662836374,1.0251249652100383
2024-03-22,1.520758313641237,1.0331676500020681,1.0123626846654499
2024-03-25,1.520758313641237,1.0305461622062104,0.9948016768387274
2024-03-26,1.520758313641237,1.0305461622062104,0.9855153979996583
2024-03-27,1.520758313641237,1.045281045271009,1.0009752002679055
2024-03-28,1.520758313641237,1.0466071247177813,0.995035162607408
2024-04-01,1.520758313641237,1.0189752795642415,0.9546475313142928
2024-04-02,1.520758313641237,1.0063193716683285,0.9416000271498949
2024-04-03,1.520758313641237,1.0073136029694876,0.9335586175712722
2024-04-04,1.520758313641237,0.9939645470249363,0.9278002446485012
2024-04-05,1.520758313641237,0.9999612624974171,0.9282930851114268
2024-04-08,1.520758313641237,1.001317168883224,0.9391357416554416
2024-04-09,1.520758313641237,1.0080971697892878,0.9375016739939774
2024-04-10,1.520758313641237,0.9677492938847365,0.9093314122120959
2024-04-11,1.520758313641237,0.9640125787142769,0.9010566832244427
2024-04-12,1.520758313641237,0.9589805489901377,0.8893838920272636
2024-04-15,1.5192998569196636,0.9460834931059908,0.8765698736315463
2024-04-16,1.53241269651173,0.9292392451608371,0.8685287967722235
2024-04-17,1.5144142522154393,0.9346028416443722,0.8633409542688968
2024-04-18,1.518495673224379,0.9322525163665949,0.8634965837214088
2024-04-19,1.546548433410102,0.921947027543865,0.8699034265596176
2024-04-22,1.5333261784433105,0.9318911226681641,0.8718489194857557
2024-04-23,1.5807210035229335,0.9110993074803806,0.8793454180310237
2024-04-24,1.5807210035229335,0.9152274308791172,0.863807676266783
2024-04-25,1.5807210035229335,0.9184816624822972,0.8611360234686886
2024-04-26,1.5870237928127473,0.9234236486168976,0.8692030524334008
2024-04-29,1.5969871520939785,0.9223388109537651,0.8736387829593818
2024-04-30,1.6185625501719008,0.902812670971438,0.8669465501417135
2024-05-01,1.6185625501719008,0.9140522682402284,0.861110071363299
2024-05-02,1.6185625501719008,0.9174270269398227,0.8703445291714141
2024-05-03,1.6185625501719008,0.9380381921760937,0.8893321541761346
2024-05-06,1.6185625501719008,0.9491571685530642,0.8878795017129222
2024-05-07,1.6185625501719008,0.9604869970022051,0.8837293275260507
2024-05-08,1.608456405297952,0.9612402679059416,0.878904481778877
2024-05-09,1.6420173083395146,0.9656097268837236,0.9012382647823441
2024-05-10,1.6351431841949489,0.9668450123777107,0.8986182666555539
2024-05-13,1.6347544765597413,0.951808764674174,0.8844294521127926
2024-05-14,1.6419684015078442,0.946324547298819,0.883236320703475
2024-05-15,1.6692361357484131,0.9533154940724586,0.9044288765084038
2024-05-16,1.6692361357484131,0.9483775411403064,0.8890208952711105
2024-05-17,1.6692361357484131,0.9434848913891409,0.8928598105529578
2024-05-20,1.6692361357484131,0.9344851284101313,0.8762844836520868
2024-05-21,1.6692361357484131,0.9361159491302493,0.8719526447274888
2024-05-22,1.6563824922529473,0.9278408494562165,0.8575304275958718
2024-05-23,1.660111141745252,0.9153677488061486,0.8479328898517785
2024-05-24,1.6414353652323446,0.9206528385350545,0.8432896256625065
2024-05-28,1.6763580487194274,0.9112603541920872,0.8526279750720046
2024-05-29,1.6860191394960373,0.8982737236954302,0.8453907480411567
2024-05-30,1.6885852077252117,0.9122267282577325,0.8598089725411753
2024-05-31,1.7079897562015738,0.9175119117820443,0.8746710445872143
2024-06-03,1.7079897562015738,0.9121664178118226,0.8567527794122614
2024-06-04,1.6877465069301645,0.9236729568054335,0.8574059905777222
2024-06-05,1.6848399549292166,0.9308911698472533,0.8626297667654343
2024-06-06,1.7119195385441637,0.9182971669191483,0.864823884188397
2024-06-07,1.759057294728947,0.8817237119381761,0.8541930866585716
2024-06-10,1.759057294728947,0.885226876548269,0.8686374296236296
2024-06-11,1.759057294728947,0.8939551018275753,0.8768911972953913
2024-06-12,1.759057294728947,0.903891224342384,0.8988840261963214
2024-06-13,1.759057294728947,0.9073947641341,0.9086526648403704
2024-06-14,1.759057294728947,0.8969449241818906,0.905936344476269
2024-06-17,1.759057294728947,0.9146428979103602,0.9128841888960589
2024-06-18,1.759057294728947,0.9066092276107787,0.9242983740174175
2024-06-20,1.759057294728947,0.910112673607089,0.9231752800207218
2024-06-21,1.759057294728947,0.9098408545211684,0.9293395704893286
2024-06-24,1.759057294728947,0.9076965039544612,0.9164887866109761
2024-06-25,1.759057294728947,0.8899684219007395,0.8836823309249446
2024-06-26,1.759057294728947,0.8965522966133387,0.8928242095878722
2024-06-27,1.759057294728947,0.8969750325071427,0.8919621338819209
2024-06-28,1.759057294728947,0.9012939357612149,0.8991450444870658
2024-07-01,1.759057294728947,0.8933208572937605,0.8781188483320699
2024-07-02,1.759057294728947,0.8898780031295775,0.8749321460577837
2024-07-03,1.759057294728947,0.8976395729570211,0.8714583070277137
2024-07-05,1.759057294728947,0.8930491320032456,0.8739134427414207
2024-07-08,1.759057294728947,0.9067906279255373,0.8870256608096425
2024-07-09,1.759057294728947,0.9027434499619801,0.8804695933654441
2024-07-10,1.759057294728947,0.9222535509299205,0.8989882505170042
2024-07-11,1.759057294728947,0.9482265305370171,0.924089592656752
2024-07-12,1.759057294728947,0.9615149946494411,0.9397090170091097
2024-07-15,1.759057294728947,0.9618170158560195,0.9362874980889435
2024-07-16,1.759057294728947,0.9857667347652578,0.9641310295183572
2024-07-17,1.759057294728947,0.9839545137303811,0.9713662602334059
2024-07-18,1.759057294728947,0.9829278292188259,0.9561906002472437
2024-07-19,1.759057294728947,0.9720250512521545,0.9490860450372172
2024-07-22,1.759057294728947,0.9735351572850469,0.9487987419217834
2024-07-23,1.759057294728947,1.0404306972478459,0.9393173232133432
2024-07-24,1.777242155852063,1.0027397638025333,0.9149998677440783
2024-07-25,1.7349786532210207,1.035115405398282,0.9227835862249552
2024-07-26,1.7327222907063593,1.0546857230167266,0.9390300200979093
2024-07-29,1.7266102686582498,1.0647426540141667,0.9446717749060775
2024-07-30,1.7397312082493448,1.0625983972428652,0.9499481207431685
2024-07-31,1.7662560449524283,1.059457470489855,0.9616235736947464
2024-08-01,1.7224101202021014,1.058189075217631,0.9366007533097668
2024-08-02,1.7226661961173655,1.0487360928379423,0.9283731872828694
2024-08-05,1.7368778727987415,1.024091912744385,0.9142163137928953
2024-08-06,1.7304662660845556,1.0392831104582534,0.9244028478775753
2024-08-07,1.6963639125598382,1.025964350429766,0.8943390805601595
2024-08-08,1.7108119738021978,1.0350247990363084,0.9098542805918345
2024-08-09,1.6976585669854403,1.0438738327982462,0.9106378345430175
2024-08-12,1.6956664195491877,1.0366253238403629,0.9032458930377322
2024-08-13,1.687704804413496,1.0542627057367053,0.9143729414033068
2024-08-14,1.6998114971424154,1.0635346629832585,0.9289738287989515
2024-08-15,1.7000360036273021,1.0765816039258254,0.9404927373199428
2024-08-16,1.7159067952594411,1.0724810563763851,0.9456905614022655
2024-08-19,1.7129464812799076,1.077323056608435,0.9483286095510735
2024-08-20,1.7359376560544162,1.0753257772379747,0.9592989471264115
2024-08-21,1.7381668634210259,1.083284692599158,0.9676309870134666
2024-08-22,1.714529710712136,1.083103010898182,0.9543099875845793
2024-08-23,1.758607723398692,1.0855845559486312,0.9810303418374723
2024-08-26,1.742069613545762,1.0915158960232905,0.9771647258318107
2024-08-27,1.7411680525288864,1.0893674184587294,0.9747356254033182
2024-08-28,1.7305626563308842,1.0945722193202967,0.9734556542567359
2024-08-29,1.719987685373168,1.0912737162855932,0.9645736293670032
2024-08-30,1.6849531188860036,1.117783018022881,0.9683576459643728
2024-09-03,1.6933974821961346,1.1007758474579052,0.958477047275919
2024-09-04,1.6979605875215493,1.0975985280874563,0.9582932198627433
2024-09-05,1.6970953458348488,1.089669908642337,0.9508825628968406
2024-09-06,1.6851189828053537,1.0919393822803407,0.9461526253299536
2024-09-09,1.696382177779303,1.1012299110172366,0.96052676452274
2024-09-10,1.6841511650613576,1.1252881512109503,0.9745856521789038
2024-09-11,1.6835578526195085,1.1245316912634176,0.9735871615600077
2024-09-12,1.6907244039398823,1.1317036631701929,0.9839408039130452
2024-09-13,1.7093655012076483,1.1360310080107843,0.9985515897078608
2024-09-16,1.70178643575499,1.1471069322965064,1.0038597102380888
2024-09-17,1.7120248695207474,1.1438991294191823,1.0070919950564567
2024-09-18,1.7276483255436286,1.135758626152429,1.0091155106584133
2024-09-19,1.7356881895688996,1.149194911824346,1.0257496456955355
2024-09-20,1.7391757928697358,1.1454727349417808,1.0244883900095707
2024-09-23,1.7331516148484052,1.1556105175789944,1.0300067891373137
2024-09-24,1.7730276914773275,1.1546724697258914,1.0528689303889671
2024-09-25,1.7582874836775155,1.1535223504603431,1.0430671029947565
2024-09-26,1.7445837877778296,1.1618444416326665,1.042462884746201
2024-09-27,1.7624820025171408,1.1582131524982922,1.049899660177143
2024-09-30,1.7923755510314983,1.155005349620968,1.064799246324242
2024-10-01,1.7923755510314983,1.151706658995453,1.0749164916147251
2024-10-02,1.7923755510314983,1.1443833013037654,1.0807240238140512
2024-10-03,1.7923755510314983,1.129070826130237,1.081564888664636
2024-10-04,1.7923755510314983,1.123623657940161,1.0731032546102834
2024-10-07,1.7923755510314983,1.112971595093112,1.072315042588902
2024-10-08,1.7923755510314983,1.1299785780672762,1.0883973626671977
2024-10-09,1.7923755510314983,1.1468042545220876,1.093363946836114
2024-10-10,1.7923755510314983,1.1392086087674504,1.0773077452228579
2024-10-11,1.7923755510314983,1.1468950484748726,1.082405753515221
2024-10-14,1.7923755510314983,1.1625404973388835,1.0916559323102548
2024-10-15,1.7923755510314983,1.1758253034304826,1.0920763231456347
2024-10-16,1.7923755510314983,1.178367440313059,1.1000387118905393
2024-10-17,1.7923755510314983,1.1774292986645505,1.0921288927950135
2024-10-18,1.7923755510314983,1.17525043138852,1.0905520528531263
2024-10-21,1.7923755510314983,1.155247341767854,1.0679526766685414
2024-10-22,1.7923755510314983,1.0936038755511301,1.0559960759085774
2024-10-23,1.7923755510314983,1.0976590261241779,1.0501887100689011
2024-10-24,1.7923755510314983,1.0942394332206256,1.0581772172788453
2024-10-25,1.7923755510314983,1.0865226975971398,1.0482702505858772
2024-10-28,1.7923755510314983,1.0993233318041555,1.058728949057847
2024-10-29,1.7923755510314983,1.0943302271734108,1.0381793732999083
2024-10-30,1.7923755510314983,1.0951473727484764,1.0314784897804434
2024-10-31,1.7923755510314983,1.0857054582266683,1.0347106914189863
2024-11-01,1.7923755510314983,1.083284692599158,1.0316623171936192
2024-11-04,1.7923755510314983,1.1330047930390303,1.039493281815077
2024-11-05,1.7923755510314983,1.1445344994978663,1.051371194460623
2024-11-06,1.7923755510314983,1.1521606287593784,1.0205727829291042
2024-11-07,1.828070729264371,1.1620563254543004,1.0496630135751137
2024-11-08,1.844924847718752,1.1701361430935207,1.066638851333198
2024-11-11,1.844924847718752,1.1779437664651973,1.0729194271971076
2024-11-12,1.844924847718752,1.1610575919736645,1.0592281943672952
2024-11-13,1.844924847718752,1.172012426390538,1.0779122961907133
2024-11-14,1.844924847718752,1.1755531091629388,1.0661658076686142
2024-11-15,1.844924847718752,1.1490098534887623,1.0726302941255246
2024-11-18,1.844924847718752,1.1379743550229269,1.0785691672684727
2024-11-19,1.844924847718752,1.132365483553304,1.0690038201166414
2024-11-20,1.844924847718752,1.1267870955905561,1.0511346310384186
2024-11-21,1.844924847718752,1.1621374584802913,1.0785953689133372
2024-11-22,1.844924847718752,1.1772357049470417,1.103691304364462
2024-11-25,1.844924847718752,1.2118282009581576,1.1264747575016973
2024-11-26,1.844924847718752,1.2010047739047676,1.128708302161694
2024-11-27,1.844924847718752,1.1943954806372048,1.1284970254062794
2024-11-29,1.844924847718752,1.2048246856001448,1.1336219007821067
2024-12-02,1.844924847718752,1.1993068894695242,1.1278893136050752
2024-12-03,1.844924847718752,1.1985187266748412,1.1342031613989716
2024-12-04,1.844924847718752,1.188665519298733,1.1304254664682993
2024-12-05,1.844924847718752,1.1679584013623594,1.1267800274593238
2024-12-06,1.844924847718752,1.1671094591447377,1.1395391471705634
2024-12-09,1.8135070264648359,1.141309250675069,1.1337539903441531
2024-12-10,1.8179891560426427,1.1266052262987685,1.1163452015971191
2024-12-11,1.8248575951618762,1.127635944012772,1.1131489336429619
2024-12-12,1.8300259135485923,1.11220425487851,1.0947628651323982
2024-12-13,1.8069982699551983,1.1050795558562427,1.101525551261813
2024-12-16,1.8367968864597257,1.106686271157078,1.084962202255737
2024-12-17,1.8355436623052082,1.0998952961885393,1.0790447895076303
2024-12-18,1.8298853502915895,1.0570564956929618,1.0403443777841328
2024-12-19,1.8378149997967164,1.0380168724803622,1.01709752984201
2024-12-20,1.8378149997967164,1.0473850638132354,1.0371214922859862
2024-12-23,1.8378149997967164,1.045474920374735,1.0367252235998465
2024-12-24,1.8294887098878074,1.0505683860896535,1.046472984107829
2024-12-26,1.828774127870702,1.0475062474774899,1.0438315255861974
2024-12-27,1.8275763879779632,1.0407757705456726,1.0378083081007334
2024-12-30,1.8193632394464039,1.0270115761351848,1.0287472802276731
2024-12-31,1.8277563870871885,1.0305890267066473,1.0275849253535934
