,Price_A,Price_B,Spread,Zscore,Position_A,Position_B,Signal,Return_A,Return_B,Strategy_Return,Cumulative_Return,Zscore_Lag1,Zscore_Lag2,Zscore_Lag3,Spread_Diff1,Spread_Diff2,Return_A_MA5,Return_B_MA5,Zscore_Std10,Target_Convergence,Target_Return,Predicted_Return,Actual_Return
2024-05-29,292.26531982421875,310.1627197265625,-68.01553089725695,1.0860343104990648,0,0,HOLD,-0.01425107857057939,-0.008487850639427696,-0.0,1.2625875914173872,1.1574942000108908,1.5980801393254456,1.366477855450485,-1.1411231015302974,-8.176717432781857,-0.00499319295665821,-0.005415654691111005,0.2944058191853224,1,0.0,0.0,0.0
2024-05-30,296.8050537109375,315.4525451660156,-69.62038721523601,0.9855343249923795,0,0,HOLD,0.015532920188577881,0.017055000820590527,0.0,1.2625875914173872,1.0860343104990648,1.1574942000108908,1.5980801393254456,-1.6048563179790563,-2.7459794195093536,-0.008192419487278913,-0.006124522779227859,0.2940385036060842,1,0.0,0.0,0.0
2024-05-31,298.524658203125,320.9052429199219,-74.23456322135058,0.696583459706343,0,0,HOLD,0.0057937170229662716,0.017285318623872836,0.0,1.2625875914173872,0.9855343249923795,1.0860343104990648,1.1574942000108908,-4.614176006114576,-6.219032324093632,-0.003317890454166861,0.0005945046827072308,0.24880759411718137,0,-0.0,0.0,-0.0
2024-06-03,296.7854309082031,314.3313293457031,-68.33762077550864,1.065864263041541,0,0,HOLD,-0.005826075827004007,-0.02048552873241527,-0.0,1.2625875914173872,0.696583459706343,0.9855343249923795,1.0860343104990648,5.896942445841944,1.282766439727368,0.0005294825614816645,0.006290000930480088,0.28050502554271267,0,0.0,0.0,0.0
2024-06-04,300.52923583984375,314.5708923339844,-64.87208899447563,1.2828842478619642,0,0,HOLD,0.012614517229447841,0.0007621352563866868,0.0,1.2625875914173872,1.065864263041541,0.696583459706343,0.9855343249923795,3.4655317810330075,9.362474226874951,-0.0017904999797119237,0.003288071716248009,0.24946583946395148,0,0.0,0.0,0.0
2024-06-05,302.8778076171875,316.48748779296875,-64.74980876842005,1.2905417314688552,0,0,HOLD,0.007814786374378935,0.0060927298287647425,0.0,1.2625875914173872,1.2828842478619642,1.065864263041541,0.696583459706343,0.12228022605557953,3.587812007088587,0.0027728000086817196,0.0012258150658014167,0.24694396647208283,1,0.0,0.0,0.0
2024-06-06,298.7801513671875,317.2924499511719,-69.78249825327077,0.9753825395705643,0,0,HOLD,-0.0135290739266678,0.0025434249038296386,0.0,1.2625875914173872,1.2905417314688552,1.2828842478619642,1.065864263041541,-5.032689484850721,-4.910409258795141,0.0071859729976733846,0.004141931159439905,0.24930795927902252,1,-0.0,0.0,-0.0
2024-06-07,286.8804626464844,313.3921203613281,-77.15161649160939,0.5139105262487166,0,0,HOLD,-0.03982757444311935,-0.012292538289026322,-0.0,1.2625875914173872,0.9753825395705643,1.2905417314688552,1.2828842478619642,-7.369118238338615,-12.401807723189336,0.001373574174624248,0.0012396159760877268,0.24931008484406927,1,0.0,0.0,0.0
2024-06-10,288.02032470703125,318.6915283203125,-82.16747556178467,0.19980529563780322,0,0,EXIT,0.003973299715259726,0.016909831532695874,0.0,1.2625875914173872,0.5139105262487166,0.9753825395705643,1.2905417314688552,-5.015859070175281,-12.384977308513896,-0.007750684118592877,-0.004675955406492105,0.30646575369972207,1,0.0,0.0,0.0
2024-06-11,290.860107421875,321.7198181152344,-82.8453136122846,0.1573574369180223,0,0,EXIT,0.009859660833770434,0.009502260103626536,0.0,1.2625875914173872,0.19980529563780322,0.5139105262487166,0.9753825395705643,-0.6778380504999291,-5.6936971206752105,-0.00579080901014013,0.0028031166465301237,0.35194814049967243,0,0.0,0.0,0.0
2024-06-12,294.093017578125,329.7886962890625,-88.98510400301711,-0.22713109228547318,0,0,EXIT,0.011115000214040549,0.025080451123896896,0.0,1.2625875914173872,0.1573574369180223,0.19980529563780322,0.5139105262487166,-6.139790390732514,-6.8176284412324435,-0.006341780289275611,0.004551141615978094,0.4151049037038239,0,0.0,0.0,0.0
2024-06-13,295.2328186035156,333.3726806640625,-92.00841110595286,-0.4164578978215106,0,0,EXIT,0.0038756480340027544,0.01086751733861302,0.0,1.2625875914173872,-0.22713109228547318,0.1573574369180223,0.19980529563780322,-3.023307102935746,-9.16309749366826,-0.005681737521343289,0.008348685875004525,0.5183556367925459,0,-0.0,0.0,-0.0
2024-06-14,291.83294677734375,332.3760681152344,-94.25063117678798,-0.5568711436038469,0,0,HOLD,-0.011515900712710914,-0.0029894847617474296,-0.0,1.2625875914173872,-0.4164578978215106,-0.22713109228547318,0.1573574369180223,-2.242220070835117,-5.265527173770863,-0.0022007931292091776,0.0100135043619612,0.6119190954050795,1,0.0,0.0,0.0
2024-06-17,297.5911865234375,334.9251403808594,-91.45335954839555,-0.3816992263659763,0,0,EXIT,0.01973128740151142,0.007669241290685358,0.0,1.2625875914173872,-0.5568711436038469,-0.4164578978215106,-0.22713109228547318,2.797271628392423,0.5550515575573058,0.00346154161687251,0.01187411506741698,0.7012907846508272,0,0.0,0.0,0.0
2024-06-18,294.97735595703125,339.1128845214844,-98.93161748027745,-0.8500058313558909,0,0,HOLD,-0.00878329293599689,0.01250352283457401,0.0,1.2625875914173872,-0.3816992263659763,-0.5568711436038469,-0.4164578978215106,-7.478257931881899,-4.680986303489476,0.006613139154122849,0.010025997019014877,0.704509855814511,1,0.0,0.0,0.0
2024-06-20,296.1171875,338.7008056640625,-97.31312066945458,-0.7486516451847907,0,0,HOLD,0.003864132347619176,-0.0012151672090058296,0.0,1.2625875914173872,-0.8500058313558909,-0.3816992263659763,-0.5568711436038469,1.6184968108228759,-5.859761121059023,0.0028845484001693844,0.01062624956520437,0.6911595041674665,0,0.0,0.0,0.0
2024-06-21,296.0287780761719,340.96240234375,-100.02857043025489,-0.9186996791098596,0,0,HOLD,-0.0002985622839880575,0.006677269855480228,0.0,1.2625875914173872,-0.7486516451847907,-0.8500058313558909,-0.3816992263659763,-2.715449760800311,-1.0969529499774353,0.0014343748268851098,0.005367125898623826,0.5836590891830155,1,-0.0,0.0,-0.0
2024-06-24,295.33111572265625,336.2475891113281,-95.24956903814905,-0.6194270493657341,0,0,HOLD,-0.002356738280817061,-0.013827956396402108,-0.0,1.2625875914173872,-0.9186996791098596,-0.7486516451847907,-0.8500058313558909,4.77900139210584,2.063551631305529,0.0005995327632869474,0.004529076401997267,0.4823929639587135,1,-0.0,0.0,-0.0
2024-06-25,289.56304931640625,324.2113952636719,-87.03655427930886,-0.10510819416189725,0,0,EXIT,-0.019530845546483988,-0.035795628689760495,-0.0,1.2625875914173872,-0.6194270493657341,-0.9186996791098596,-0.7486516451847907,8.213014758840188,12.992016150946029,0.002431365249665718,0.0023613820750663316,0.38782641718466626,0,0.0,0.0,0.0
2024-06-26,291.7051696777344,327.5653991699219,-88.79039982172378,-0.2149382453752202,0,0,EXIT,0.007397768349191036,0.010345114191690596,0.0,1.2625875914173872,-0.10510819416189725,-0.6194270493657341,-0.9186996791098596,-1.753845542414922,6.459169216425266,-0.005421061339933364,-0.006331591921022839,0.3414868076852326,1,0.0,0.0,0.0
2024-06-27,291.8427429199219,327.2491760253906,-88.2855060207342,-0.18332057399030427,0,0,EXIT,0.0004716174291305997,-0.0009653740759328899,0.0,1.2625875914173872,-0.2149382453752202,-0.10510819416189725,-0.6194270493657341,0.5048938009895778,-1.2489517414253442,-0.0021848490828957788,-0.006763273649599522,0.28079605250389295,0,0.0,0.0,0.0
2024-06-28,293.2479248046875,329.88446044921875,-89.94143513907966,-0.28701886182418657,0,0,EXIT,0.0048148597792996295,0.008052837461151263,0.0,1.2625875914173872,-0.18332057399030427,-0.2149382453752202,-0.10510819416189725,-1.6559291183454548,-1.151035317355877,-0.002863352066593494,-0.0067133150229849335,0.28588962988602973,1,-0.0,0.0,-0.0
2024-07-01,290.65380859375,322.17022705078125,-83.57480141236096,0.11167514591561091,0,0,EXIT,-0.008846153686050018,-0.023384652274716644,-0.0,1.2625875914173872,-0.28701886182418657,-0.18332057399030427,-0.2149382453752202,6.366633726718703,4.7107046083732484,-0.0018406676539359569,-0.006438201501850727,0.2929120777710249,0,-0.0,0.0,-0.0
2024-07-02,289.5335693359375,321.00103759765625,-83.33692589997213,0.12657148603008112,0,0,EXIT,-0.0038542046403330366,-0.003629104600471722,-0.0,1.2625875914173872,0.11167514591561091,-0.28701886182418657,-0.18332057399030427,0.23787551238882543,6.604509239107529,-0.0031385507349825483,-0.008349540677513635,0.34648109873386657,0,0.0,0.0,0.0
2024-07-03,292.0589904785156,319.7265319824219,-79.33105614735234,0.37742874195373094,0,0,EXIT,0.008722377679280191,-0.0039704096434474145,0.0,1.2625875914173872,0.12657148603008112,0.11167514591561091,-0.28701886182418657,4.0058697526197875,4.243745265008613,-3.222553752357804e-06,-0.0019162358596558793,0.3875272992842208,1,0.0,0.0,0.0
2024-07-05,290.5653381347656,320.6272888183594,-81.87101553738711,0.2183703396367485,0,0,EXIT,-0.005114214567758291,0.0028172727185087343,0.0,1.2625875914173872,0.37742874195373094,0.12657148603008112,0.11167514591561091,-2.539959390034767,1.4659103625850207,0.00026169931226547314,-0.004779340626683481,0.4118335807000565,1,0.0,0.0,0.0
2024-07-08,295.0362854003906,325.4379577636719,-82.98807672643562,0.14841726530120444,0,0,EXIT,0.015387063351483876,0.015003928589614857,0.0,1.2625875914173872,0.2183703396367485,0.37742874195373094,0.12657148603008112,-1.1170611890485134,-3.65702057908328,-0.000855467087112305,-0.004022811267795157,0.39387223291286927,0,-0.0,0.0,-0.0
2024-07-09,293.7196044921875,323.03265380859375,-81.51078885611099,0.2409286059698743,0,0,EXIT,-0.004462776185025108,-0.007390975446154968,-0.0,1.2625875914173872,0.14841726530120444,0.2183703396367485,0.37742874195373094,1.4772878703246306,0.36022668127611723,0.0012589736273245443,-0.0026325930421024378,0.29426309807043793,1,0.0,0.0,0.0
2024-07-10,300.0674133300781,329.82696533203125,-83.05516105754322,0.14421628217984386,0,0,EXIT,0.02161179826203763,0.021032893867947156,0.0,1.2625875914173872,0.2409286059698743,0.14841726530120444,0.2183703396367485,-1.5443722014322248,-0.06708433110759415,0.0021356491275295263,0.0005661423236098973,0.22439723330761271,1,0.0,0.0,0.0
2024-07-11,308.5180358886719,339.0362243652344,-85.30189014044242,0.0035206711527102507,0,0,EXIT,0.02816241345506576,0.02792148611600731,0.0,1.2625875914173872,0.14421628217984386,0.2409286059698743,0.14841726530120444,-2.2467290828992077,-3.7911012843314325,0.00722884970800366,0.005498542017293673,0.21988118372528465,0,0.0,0.0,0.0
2024-07-12,312.8416748046875,344.766845703125,-87.63486402624267,-0.14257579809735502,0,0,EXIT,0.014014217689288788,0.01690268156041408,0.0,1.2625875914173872,0.0035206711527102507,0.14421628217984386,0.2409286059698743,-2.332973885800243,-4.579702968699451,0.011116856863160773,0.011876921169184618,0.19842684293280022,1,0.0,0.0,0.0
2024-07-15,312.93994140625,343.5115051269531,-86.07841066668709,-0.04510692295584301,0,0,EXIT,0.00031410969022549473,-0.0036411290465349078,0.0,1.2625875914173872,-0.14257579809735502,0.0035206711527102507,0.14421628217984386,1.5564533595555758,-0.776520526244667,0.014942543314570188,0.014694002937565686,0.1925195025113614,0,0.0,0.0,0.0
2024-07-16,320.73223876953125,353.7268981933594,-90.1521767286419,-0.30021601004199855,0,0,EXIT,0.024900296613673545,0.029738139520627982,0.0,1.2625875914173872,-0.04510692295584301,-0.14257579809735502,0.0035206711527102507,-4.073766061954814,-2.517312702399238,0.011927952582318513,0.010964991410335734,0.14974899044956888,0,0.0,0.0,0.0
2024-07-17,320.1426086425781,356.3814697265625,-93.82532150599076,-0.5302372230016591,0,0,HOLD,-0.0018383874636836994,0.007504579229798969,0.0,1.2625875914173872,-0.30021601004199855,-0.04510692295584301,-0.14257579809735502,-3.6731447773488526,-7.746910839303666,0.017800567142058243,0.018390814403692324,0.20000163788863776,1,-0.0,0.0,-0.0
2024-07-18,319.80853271484375,350.8136901855469,-87.69193947670442,-0.14615000089665417,0,0,EXIT,-0.0010435222263942556,-0.015623089341001872,-0.0,1.2625875914173872,-0.5302372230016591,-0.30021601004199855,-0.04510692295584301,6.133382029286338,2.4602372519374853,0.013110529996913978,0.015685151476062687,0.2755499680764926,0,-0.0,0.0,-0.0
2024-07-19,316.26123046875,348.2071533203125,-88.21152349775997,-0.17868760940440198,0,0,EXIT,-0.011091956227624156,-0.007429974764826763,-0.0,1.2625875914173872,-0.14615000089665417,-0.5302372230016591,-0.30021601004199855,-0.5195840210555502,5.613798008230788,0.0072693428606219745,0.00697623638466085,0.24649986926854583,1,0.0,0.0,0.0
2024-07-22,316.7525634765625,348.1016845703125,-87.59767940606213,-0.1402472072151994,0,0,EXIT,0.0015535669898085747,-0.0003028908194283586,0.0,1.2625875914173872,-0.17868760940440198,-0.14615000089665417,-0.5302372230016591,0.6138440916978425,0.09426007064229225,0.002248108077239386,0.0021097051196126817,0.23162991629301077,0,0.0,0.0,0.0
2024-07-23,338.5179748535156,344.62310791015625,-61.79160008704997,1.4757919163438629,0,0,HOLD,0.0687142390832256,-0.009992990020861625,0.0,1.2625875914173872,-0.1402472072151994,-0.17868760940440198,-0.14615000089665417,25.806079319012156,26.41992341071,0.0024959995371560016,0.0027773527650339913,0.2174739409059056,1,-0.0,0.0002677882607249527,-0.0
2024-07-24,326.254638671875,335.7013244628906,-63.69151240792684,1.356814810061511,0,0,HOLD,-0.03622654361839206,-0.02588852355655602,-0.0,1.2625875914173872,1.4757919163438629,-0.1402472072151994,-0.17868760940440198,-1.8999123208768651,23.90616699813529,0.011258788031066414,-0.00516887314326393,0.5439981512398169,0,0.0,0.0,0.0
2024-07-25,336.7884826660156,338.55706787109375,-56.47486161307438,1.8087389431844034,0,0,HOLD,0.03228718536239672,0.008506798156880047,0.0,1.2625875914173872,1.356814810061511,1.4757919163438629,-0.1402472072151994,7.216650794852455,5.31673847397559,0.004381156800124741,-0.011847493700534928,0.6914145718993746,1,0.0,0.0,0.0
2024-07-26,343.1559753417969,344.5177307128906,-57.031194861310325,1.7739000091575823,0,0,HOLD,0.018906503646966222,0.017606080059939577,0.0,1.2625875914173872,1.8087389431844034,1.356814810061511,1.4757919163438629,-0.5563332482359442,6.660317546616511,0.011047298317882936,-0.007021516200958544,0.8666456092512477,0,0.0,-3.889696324452574e-05,0.0
2024-07-29,346.4281921386719,346.5876159667969,-56.163328983303415,1.8282478701992955,0,0,HOLD,0.009535654431241491,0.006008065969850485,0.0,1.2625875914173872,1.7739000091575823,1.8087389431844034,1.356814810061511,0.86786587800691,0.31153262977096574,0.01704699029280101,-0.002014305236005276,0.9608030754394227,1,0.0,0.00018954126386368396,0.0
2024-07-30,345.73046875,348.52337646484375,-59.109605775312104,1.6437448891047466,0,0,HOLD,-0.0020140491002319516,0.005585198111153211,0.0,1.2625875914173872,1.8282478701992955,1.7739000091575823,1.8087389431844034,-2.946276792008689,-2.078410914001779,0.018643407781087595,-0.0007521138781495073,1.0217896749957807,1,0.0,0.0,0.0
2024-07-31,344.7085266113281,352.80694580078125,-65.10728453970268,1.26815573377522,0,0,HOLD,-0.0029558926130136554,0.012290622739245638,0.0,1.2625875914173872,1.6437448891047466,1.8282478701992955,1.7739000091575823,-5.997678764390571,-8.94395555639926,0.0044977501443960845,0.00236352374825346,0.9960502946810609,0,-0.0,-3.157454196716092e-05,-0.0
2024-08-01,344.2958068847656,343.6264343261719,-54.856045402845155,1.9101131309191013,0,0,HOLD,-0.0011973006023952015,-0.02602134562224101,-0.0,1.2625875914173872,1.26815573377522,1.6437448891047466,1.8282478701992955,10.25123913685752,4.25356037246695,0.011151880345471765,0.00999935300741379,0.8650279039330614,0,-0.0,0.0,-0.0
2024-08-02,341.2201843261719,340.6078186035156,-54.42528446854658,1.9370884228308214,0,0,HOLD,-0.008933081661442244,-0.008784585297040848,-0.0,1.2625875914173872,1.9101131309191013,1.26815573377522,1.6437448891047466,0.43076093429857565,10.682000071156097,0.004454983152513381,0.0030937242515895803,0.7847428606501015,1,-0.0,-4.2857341851276765e-05,-0.0
2024-08-05,333.201904296875,335.41387939453125,-56.41035445100664,1.8127785377451484,0,0,HOLD,-0.0234988444342209,-0.015249031071216779,-0.0,1.2625875914173872,1.9370884228308214,1.9101131309191013,1.26815573377522,-1.985069982460061,-1.5543090481614854,-0.0011129339091683122,-0.002184408819806505,0.6165626199129477,0,0.0,0.00018954126386368396,0.0
2024-08-06,338.1445617675781,339.1512145996094,-55.80893537382781,1.8504408554634288,0,0,HOLD,0.014833821196589936,0.011142458421292911,0.0,1.2625875914173872,1.8127785377451484,1.9370884228308214,1.9101131309191013,0.6014190771788321,-1.383650905281229,-0.00771983368226079,-0.006435828228019957,0.23596165244205103,0,-0.0,0.0,-0.0
2024-08-07,333.8111267089844,328.1211853027344,-47.33003649988353,2.3814100172492703,-1,1,SHORT_SHW_LONG_HD,-0.012815332696588855,-0.03252245258769504,-0.0,1.2625875914173872,1.8504408554634288,1.8127785377451484,1.9370884228308214,8.478898873944274,9.080317951123106,-0.004350259622896413,-0.0053243761659920175,0.2293134883715736,1,0.008517168745114212,0.006809072805362739,0.008517168745114212
2024-08-08,336.759033203125,333.8135070800781,-50.994254552270604,2.1519478174045106,-1,1,SHORT_SHW_LONG_HD,0.008831061214776614,0.017348229959890826,0.008517168745114212,1.2733412629889764,2.3814100172492703,1.8504408554634288,1.8127785377451484,-3.6642180523870707,4.814680821557204,-0.0063221476396114525,-0.014286991231380154,0.27404109874299754,0,-0.007688309400438298,0.007196902662705384,-0.007688309400438298
2024-08-09,339.6381530761719,334.1009826660156,-48.44906245995287,2.311333904198731,-1,1,SHORT_SHW_LONG_HD,0.008549495601236856,0.0008611862007985582,-0.007688309400438298,1.2635514213867722,2.1519478174045106,2.3814100172492703,1.8504408554634288,2.545192092317734,-1.1190259600693366,-0.00431647527617709,-0.005613076114953786,0.29309963978232584,0,-0.001173555406106308,0.008506819676958348,-0.001173555406106308
2024-08-12,337.2798156738281,331.3890075683594,-47.65720600218208,2.3609218714440194,-1,1,SHORT_SHW_LONG_HD,-0.006943676324299264,-0.008117231730405572,-0.001173555406106308,1.2620685737853106,2.311333904198731,2.1519478174045106,2.3814100172492703,0.7918564577707912,3.337048550088525,-0.0008199598236412698,-0.0036839218153859044,0.3240550646774821,0,-0.0046952716389980775,0.003929279967526348,-0.0046952716389980775
2024-08-13,343.01837158203125,335.47137451171875,-46.660672721996264,2.4233271965149403,-1,1,SHORT_SHW_LONG_HD,0.01701422866571023,0.012318957026712152,-0.0046952716389980775,1.2561428190043455,2.3609218714440194,2.311333904198731,2.1519478174045106,0.9965332801858153,1.7883897379566065,0.0024910737983430574,-0.002257561947223663,0.35180218212132036,1,0.0071736430854882904,0.00889995757131037,0.0071736430854882904
2024-08-14,346.0350646972656,340.8282470703125,-49.86645084482086,2.2225736142333608,-1,1,SHORT_SHW_LONG_HD,0.008794552610465578,0.01596819569595387,0.0071736430854882904,1.265153939252282,2.4233271965149403,2.3609218714440194,2.311333904198731,-3.205778122824597,-2.209244842638782,0.0029271552921671163,-0.0020222622261398147,0.3595378765598846,1,0.00013198689912163886,0.010131371016748469,0.00013198689912163886
2024-08-15,350.28009033203125,345.05438232421875,-50.53044717724612,2.1809925573888056,-1,1,SHORT_SHW_LONG_HD,0.012267616978295148,0.012399603877416787,0.00013198689912163886,1.2653209229976354,2.2225736142333608,2.4233271965149403,2.3609218714440194,-0.6639963324252562,-3.8697744552498534,0.007249132353578003,0.007675867430589967,0.2376904152419954,1,0.009335384695025262,0.003043016575916154,0.009335384695025262
2024-08-16,348.9459228515625,346.9613342285156,-54.07970438536074,1.9587294837547744,0,0,HOLD,-0.0038088590168059433,0.005526525678219318,0.009335384695025262,1.2771331805764827,2.1809925573888056,2.2225736142333608,2.4233271965149403,-3.549257208114625,-4.213253540539881,0.007936443506281709,0.006686142214095159,0.224110002115781,0,0.0,-0.0028183233401488593,0.0
2024-08-19,350.52130126953125,347.92926025390625,-53.62865584227387,1.9869752348137384,0,0,HOLD,0.004514677819115631,0.00278972303223024,0.0,1.2771331805764827,1.9587294837547744,2.1809925573888056,2.2225736142333608,0.4510485430868698,-3.098208665027755,0.00546477258267315,0.00761921010957931,0.22177541792531077,1,0.0,0.0017322118525709073,0.0
2024-08-20,349.8714294433594,351.9541015625,-58.95372929150818,1.6535062516564139,0,0,HOLD,-0.0018540152162455081,0.011567987428411586,0.0,1.2771331805764827,1.9869752348137384,1.9587294837547744,2.1809925573888056,-5.32507344923431,-4.87402490614744,0.007756443411356129,0.009800601062106474,0.19638459843567713,1,0.0,5.637270989196086e-05,0.0
2024-08-21,352.46099853515625,355.0110168457031,-59.91503194789192,1.5933071534868264,0,0,HOLD,0.007401487729126188,0.008685550955740862,0.0,1.2771331805764827,1.6535062516564139,1.9869752348137384,1.9587294837547744,-0.9613026563837366,-6.2863761056180465,0.003982794634964981,0.00965040714244636,0.23873249646548686,0,-0.0,-3.157454196716092e-05,-0.0
2024-08-22,352.4018859863281,350.12371826171875,-54.29712408266107,1.9451141362730342,0,0,HOLD,-0.00016771373023904967,-0.01376661104043575,-0.0,1.2771331805764827,1.5933071534868264,1.6535062516564139,1.9869752348137384,5.617907865230848,4.656605208847111,0.0037041816586971033,0.008193878194403759,0.2843991754980458,1,0.0,3.4936584637774714e-05,0.0
2024-08-23,353.20928955078125,359.9270935058594,-64.87718957320783,1.2825648372811422,0,0,HOLD,0.0022911442774868895,0.027999746183469343,0.0,1.2771331805764827,1.9451141362730342,1.5933071534868264,1.6535062516564139,-10.580065490546758,-4.9621576253159105,0.0012171155169902637,0.002960635210833251,0.2864514547910453,0,0.0,0.0,0.0
2024-08-26,355.1391296386719,358.5087890625,-61.29986608729291,1.5065854891360746,0,0,HOLD,0.005463729706387532,-0.003940532593821766,0.0,1.2771331805764827,1.2825648372811422,1.9451141362730342,1.5933071534868264,3.577323485914917,-7.002742004631841,0.0024371161758488303,0.007455279311883256,0.36231630735535825,0,-0.0,0.0,-0.0
2024-08-27,354.4400634765625,357.6175842285156,-60.96372068033287,1.5276357278080104,0,0,HOLD,-0.0019684290008273875,-0.002485866068485776,-0.0,1.2771331805764827,1.5065854891360746,1.2825648372811422,1.9451141362730342,0.3361454069600427,3.9134688928749597,0.0026269265533032105,0.006109228186672855,0.358187460479386,0,0.0,0.0,0.0
2024-08-28,356.13360595703125,357.1481018066406,-58.72483372229112,1.6678402460029154,0,0,HOLD,0.0047780785948898785,-0.0013128057527926895,0.0,1.2771331805764827,1.5276357278080104,1.5065854891360746,1.2825648372811422,2.2388869580417463,2.575032365001789,0.0026040437963868344,0.0032984574872933826,0.31536851781723385,0,-0.0,0.0,-0.0
2024-08-29,355.06036376953125,353.8893127441406,-56.012710290111215,1.8376799771818781,0,0,HOLD,-0.003013594251000007,-0.009124475381544372,-0.0,1.2771331805764827,1.6678402460029154,1.5276357278080104,1.5065854891360746,2.712123432179908,4.951010390221654,0.002079361969539573,0.0012987861455866722,0.27638226336334065,0,0.0,-3.157454196716092e-05,0.0
2024-08-30,363.6855773925781,355.2776794433594,-49.00020478346488,2.276820038437322,-1,1,SHORT_SHW_LONG_HD,0.024292245778933186,0.003923166507779019,0.0,1.2771331805764827,1.8376799771818781,1.6678402460029154,1.5276357278080104,7.012505506646335,9.724628938826243,0.0015101858653873812,0.002227213277364948,0.23192957918874837,1,0.005011542331212482,0.008685752452997799,0.005011542331212482
2024-09-03,358.15203857421875,351.6525573730469,-50.32285047897312,2.193992764905167,-1,1,SHORT_SHW_LONG_HD,-0.015215172562056845,-0.010203630230844363,0.005011542331212482,1.2835335875735379,2.276820038437322,1.8376799771818781,1.6678402460029154,-1.3226456955082426,5.689859811138092,0.005910406165676641,-0.002588102657773117,0.28719580095532227,1,0.002694558128398916,0.010897940637747995,0.002694558128398916
2024-09-04,357.1182556152344,351.5850830078125,-51.27825612127043,2.1341629520252217,-1,1,SHORT_SHW_LONG_HD,-0.002886436059668429,-0.00019187793126951291,0.002694558128398916,1.2869921434350073,2.193992764905167,2.276820038437322,1.8376799771818781,-0.9554056422973076,-2.2780513378055502,0.0017746257119877651,-0.0038407221851776362,0.3141496306956597,0,-0.0005091496824992658,0.009105325995229022,-0.0005091496824992658
2024-09-05,354.5384521484375,348.8662414550781,-50.699889745929,2.1703816537795095,-1,1,SHORT_SHW_LONG_HD,-0.007223947323422242,-0.007733097005921508,-0.0005091496824992658,1.2863368717937984,2.1341629520252217,2.193992764905167,2.276820038437322,0.5783663753414316,-0.377039266955876,0.0015910243002195568,-0.0033819245577343835,0.33413477758465354,0,-0.007057409443997353,0.01092955938369549,-0.007057409443997353
2024-09-06,355.2769775390625,347.130859375,-47.94556783182577,2.342863955993765,-1,1,SHORT_SHW_LONG_HD,0.0020830614737263886,-0.004974347970270965,-0.007057409443997353,1.277258665806639,2.1703816537795095,2.1341629520252217,2.193992764905167,2.7543219141032296,3.3326882894446612,-0.0008093808834428673,-0.004665982808360147,0.34479171372704587,1,0.006684266427499308,0.0093811412384682,0.006684266427499308
2024-09-09,358.2997131347656,352.40460205078125,-51.04874091848029,2.148535749325244,-1,1,SHORT_SHW_LONG_HD,0.008508109972791056,0.015192376400290364,0.006684266427499308,1.2857962030257228,2.342863955993765,2.1703816537795095,2.1341629520252217,-3.1031730866545217,-0.34885117255129217,0.0002099502615024118,-0.0038359573261054656,0.3777972187886295,0,-0.00721006043619532,0.008917560325849226,-0.00721006043619532
2024-09-10,366.12738037109375,357.5626220703125,-49.212560480802324,2.263521810885369,-1,1,SHORT_SHW_LONG_HD,0.02184670249340659,0.014636642057211269,-0.00721006043619532,1.276525534693277,2.148535749325244,2.342863955993765,2.1703816537795095,1.8361804376779673,-1.2669926489765544,-0.0029468768997260144,-0.001582115347603197,0.3163033335835266,0,-0.00035237888111328,0.008192674770734225,-0.00035237888111328
2024-09-11,365.8812255859375,357.19622802734375,-49.03311686516935,2.274759004251745,-1,1,SHORT_SHW_LONG_HD,-0.0006723200676954644,-0.0010246989488087443,-0.00035237888111328,1.2760757140536492,2.263521810885369,2.148535749325244,2.342863955993765,0.17944361563297662,2.015624053310944,0.004465498111366673,0.0033859391100079296,0.2785706472841791,1,0.00425687676797315,0.008096446826344915,0.00425687676797315
2024-09-12,368.2147521972656,360.9949035644531,-51.11208075344467,2.1445692556120046,-1,1,SHORT_SHW_LONG_HD,0.006377825502227097,0.010634702270200247,0.00425687676797315,1.281507811114979,2.274759004251745,2.263521810885369,2.148535749325244,-2.078963888275325,-1.8995202726423486,0.0049083213097612655,0.003219374906500083,0.21363743256405734,1,0.011025172673464478,0.009368229225226515,0.011025172673464478
2024-09-13,369.6227722167969,366.3553466796875,-55.93067948262478,1.8428169448163825,0,0,HOLD,0.0038239098545864714,0.01484908252805095,0.011025172673464478,1.295636656014915,2.1445692556120046,2.274759004251745,2.263521810885369,-4.81859872918011,-6.897562617455435,0.007628675874891133,0.006892934761724434,0.1389066304804208,0,0.0,-0.0010964533719909552,0.0
2024-09-16,373.2264404296875,368.3028869628906,-54.58924791334283,1.9268206352157904,0,0,HOLD,0.009749583856204946,0.005315987062435079,0.0,1.295636656014915,1.8428169448163825,2.1445692556120046,2.274759004251745,1.3414315692819514,-3.4771671598981584,0.00797684555106315,0.010857620861388816,0.13750769871254903,1,0.0,0.001365831104816374,0.0
2024-09-17,372.1827392578125,369.4888000488281,-57.010489802748225,1.7751966100196621,0,0,HOLD,-0.0027964288132250603,0.0032199396961474225,0.0,1.295636656014915,1.9268206352157904,1.8428169448163825,2.1445692556120046,-2.421241889405394,-1.0798103201234426,0.008225140327745928,0.00888234299381776,0.15352187956170332,1,0.0,5.637270989196086e-05,0.0
2024-09-18,369.5340881347656,370.2311706542969,-60.52146865339785,1.555330619742786,0,0,HOLD,-0.007116534013180353,0.002009182972178447,0.0,1.295636656014915,1.7751966100196621,1.9268206352157904,1.8428169448163825,-3.5109788506496216,-5.9322207400550155,0.003296514066419598,0.006599002521604991,0.1909919843500747,1,0.0,0.0,0.0
2024-09-19,373.9057922363281,376.3340148925781,-63.238746476958454,1.385168108104755,0,0,HOLD,0.011830313472916076,0.01648387473020141,0.0,1.295636656014915,1.555330619742786,1.7751966100196621,1.9268206352157904,-2.7172778235606074,-6.228256674210229,0.00200767127732262,0.007205778905802429,0.2566947557491614,1,-0.0,0.0,-0.0
2024-09-20,372.6947326660156,375.8711853027344,-63.91218941005877,1.3429954822703187,0,0,HOLD,-0.0032389430585419987,-0.0012298372496991616,-0.0,1.295636656014915,1.385168108104755,1.555330619742786,1.7751966100196621,-0.6734429331003184,-3.390720756660926,0.003098168871460416,0.008375613397802661,0.32492975330818924,0,0.0,0.0,0.0
2024-09-23,375.9931640625,377.8958740234375,-62.965609246321435,1.402272622330006,0,0,HOLD,0.008850222735613977,0.005386655854112465,0.0,1.295636656014915,1.3429954822703187,1.385168108104755,1.555330619742786,0.9465801637373374,0.273137230637019,0.0016855982888347222,0.005159829442252639,0.34900893690322043,1,0.0,0.0,0.0
2024-09-24,375.6879577636719,386.28369140625,-73.01399159493474,0.7730186080684937,0,0,HOLD,-0.0008117336377354567,0.022196107339061077,0.0,1.295636656014915,1.402272622330006,1.3429954822703187,1.385168108104755,-10.048382348613302,-9.101802184875964,0.0015057260647165283,0.005173963200588117,0.3614397528786207,0,-0.0,0.0,-0.0
2024-09-25,375.3138122558594,382.6875305175781,-69.21088489963199,1.0111783507672119,0,0,HOLD,-0.0009958943321995983,-0.009309636851559056,-0.0,1.295636656014915,0.7730186080684937,1.402272622330006,1.3429954822703187,3.803106695302745,-6.245275653310557,0.001902665099814449,0.008969196729170847,0.4431736931312627,0,0.0,0.0,0.0
2024-09-26,378.0215148925781,382.4658203125,-66.24564666556745,1.196868743239621,0,0,HOLD,0.007214503032659136,-0.0005793504815228001,0.0,1.295636656014915,1.0111783507672119,0.7730186080684937,1.402272622330006,2.965238234064543,6.768344929367288,0.0031267930360106,0.0067054327644233466,0.4224610000289542,1,0.0,0.0,0.0
2024-09-27,376.84002685546875,385.1942443847656,-70.59643547083948,0.9244118217233641,0,0,HOLD,-0.0031254518342563875,0.007133772293786533,0.0,1.295636656014915,1.196868743239621,1.0111783507672119,0.7730186080684937,-4.350788805272032,-1.3855505712074887,0.002203630947959212,0.003292787722078505,0.36864188565916256,1,0.0,0.0,0.0
2024-09-30,375.7962951660156,390.6607971191406,-77.99004141787816,0.461406328835852,0,0,EXIT,-0.0027696943399631024,0.014191678131396213,0.0,1.295636656014915,0.9244118217233641,1.196868743239621,1.0111783507672119,-7.3936059470386795,-11.744394752310711,0.002226329192816334,0.004965509630775644,0.3663181967294912,1,0.0,0.0,0.0
2024-10-01,374.7230529785156,394.37261962890625,-83.374886794583,0.12419428296493815,0,0,EXIT,-0.002855914763677636,0.00950139491123192,0.0,1.295636656014915,0.461406328835852,0.9244118217233641,1.196868743239621,-5.384845376704845,-12.778451323743525,-9.765422229908171e-05,0.006726514086232394,0.392887101144418,0,0.0,0.0,0.0
2024-10-02,372.3403015136719,396.50335693359375,-88.23267410343004,-0.1800121115043636,0,0,EXIT,-0.006358699967627501,0.005402853034504496,0.0,1.295636656014915,0.12419428296493815,0.461406328835852,0.9244118217233641,-4.857787308847037,-10.242632685551882,-0.0005064904474875176,0.004187571600666562,0.45781164214665204,0,0.0,0.0,0.0
2024-10-03,367.358154296875,396.8118896484375,-93.57320877916237,-0.5144493140727089,0,0,HOLD,-0.013380628410470163,0.0007781339286250244,0.0,1.295636656014915,-0.1800121115043636,0.12419428296493815,0.461406328835852,-5.340534675732329,-10.198321984579366,-0.0015790515745730982,0.007130069577879272,0.5508171575759756,1,-0.0,0.0,-0.0
2024-10-04,365.5858459472656,393.7074279785156,-91.73941613617757,-0.3996127819934275,0,0,EXIT,-0.004824469877364179,-0.007823509705498832,-0.0,1.295636656014915,-0.5144493140727089,-0.1800121115043636,0.12419428296493815,1.833792642984804,-3.5067420327475247,-0.005698077863198958,0.007401566459908837,0.660204815641933,0,-0.0,0.0,-0.0
2024-10-07,362.1200256347656,393.41815185546875,-94.8692171882177,-0.5956084962795133,0,0,HOLD,-0.009480181880454741,-0.0007347489594803358,-0.0,1.295636656014915,-0.3996127819934275,-0.5144493140727089,-0.1800121115043636,-3.1298010520401363,-1.2960084090553323,-0.006037881471820517,0.004410110060051764,0.6876051232439391,0,0.0,0.0,0.0
2024-10-08,367.65350341796875,399.318603515625,-96.18962482888548,-0.6782956174026894,0,0,HOLD,0.015280783694586964,0.014997914133672019,0.0,1.295636656014915,-0.5956084962795133,-0.3996127819934275,-0.5144493140727089,-1.3204076406677814,-4.450208692707918,-0.0073799789799188446,0.0014248246418764542,0.680041839177379,1,0.0,0.0,0.0
2024-10-09,373.1279296875,401.1407775878906,-92.83181149561307,-0.468021222400783,0,0,EXIT,0.014890178438766721,0.004563208566350507,0.0,1.295636656014915,-0.6782956174026894,-0.5956084962795133,-0.3996127819934275,3.357813333272418,2.0374056926046364,-0.0037526392882659245,0.0025241284863644744,0.7170269647495374,1,-0.0,0.0,-0.0
2024-10-10,370.6565856933594,395.2499694824219,-88.46047188952514,-0.19427736001573276,0,0,EXIT,-0.006623315483808456,-0.014685139069857023,-0.0,1.295636656014915,-0.468021222400783,-0.6782956174026894,-0.5956084962795133,4.371339606087929,7.729152939360347,0.0004971363930129202,0.0023561995927336766,0.6670262357197712,1,0.0,0.0,0.0
2024-10-11,373.157470703125,397.120361328125,-88.13220893422982,-0.17372073953826553,0,0,EXIT,0.0067471754348771285,0.004732174548052193,0.0,1.295636656014915,-0.19427736001573276,-0.468021222400783,-0.6782956174026894,0.32826295529531535,4.699602561383244,0.0018485989783452617,-0.0007364550069627329,0.5142536820659369,1,0.0,0.0,0.0
2024-10-14,378.2479553222656,400.5141296386719,-86.98388001695224,-0.1018096044102105,0,0,EXIT,0.013641652703746843,0.008545943852379612,0.0,1.295636656014915,-0.17372073953826553,-0.19427736001573276,-0.468021222400783,1.1483289172775812,1.4765918725728966,0.004162928040793523,0.001774681843747472,0.3498052520696785,0,0.0,0.0,0.0
2024-10-15,382.5704040527344,400.6683349609375,-82.84055411833322,0.157655487944631,0,0,EXIT,0.011427553459703477,0.0003850184321954053,0.0,1.295636656014915,-0.1018096044102105,-0.17372073953826553,-0.19427736001573276,4.143325898619025,5.291654815896607,0.00878729495763384,0.0036308204061194617,0.2521192443541691,1,0.0,0.0,0.0
2024-10-16,383.3974609375,403.5895690917969,-85.40676357695816,-0.0030467571782818504,0,0,EXIT,0.002161842306682038,0.007290903413029071,0.0,1.295636656014915,0.157655487944631,-0.1018096044102105,-0.17372073953826553,-2.5662094586249395,1.5771164399940858,0.008016648910657143,0.0007082412658241388,0.25877665376681047,0,-0.0,0.0,-0.0
2024-10-17,383.09222412109375,400.6876525878906,-82.34117314606743,0.1889279326568315,0,0,EXIT,-0.0007961367705979772,-0.007190266365001641,-0.0,1.295636656014915,-0.0030467571782818504,0.157655487944631,-0.1018096044102105,3.0655904308907225,0.49938097226578293,0.005470981684240206,0.0012537802351598516,0.2745874108782043,1,-0.0,0.0,-0.0
2024-10-18,382.38330078125,400.109130859375,-82.37809341380046,0.18661589616452773,0,0,EXIT,-0.001850529181243954,-0.0014438222011065038,-0.0,1.295636656014915,0.1889279326568315,-0.0030467571782818504,0.157655487944631,-0.03692026773302359,3.028670163157699,0.006636417426882302,0.002752754776130928,0.301499753168173,0,-0.0,0.0,-0.0
2024-10-21,375.8750305175781,391.8177185058594,-79.25517041530117,0.38218089009675676,0,0,EXIT,-0.017020278475484596,-0.02072287712031695,-0.0,1.295636656014915,0.18661589616452773,0.1889279326568315,-0.0030467571782818504,3.1229229984992912,3.0860027307662676,0.0049168765036580854,0.0015175554262991885,0.3205513608313834,0,-0.0,0.0,-0.0
2024-10-22,355.8185119628906,387.4309997558594,-94.21613536986814,-0.5547109327135347,0,0,HOLD,-0.0533595395444858,-0.011195815152842292,-0.0,1.295636656014915,0.38218089009675676,0.18661589616452773,0.1889279326568315,-14.960964954566975,-11.838041956067684,-0.0012155097321882025,-0.004336208768240124,0.3247786300967379,1,0.0,0.0,0.0
2024-10-23,357.13787841796875,385.30035400390625,-90.42183941721368,-0.31710294003663153,0,0,EXIT,0.0037079758661227036,-0.005499419905210856,0.0,1.295636656014915,-0.5547109327135347,0.38218089009675676,0.18661589616452773,3.7942959526544655,-11.16666900191251,-0.014172928333026058,-0.0066523754852476635,0.30052138841478265,0,0.0,0.0,0.0
2024-10-24,356.0252685546875,388.231201171875,-94.93888199871884,-0.5999710752638467,0,0,HOLD,-0.003115351046519721,0.007606655788172656,0.0,1.295636656014915,-0.31710294003663153,-0.5547109327135347,0.38218089009675676,-4.517042581505166,-0.7227466288507003,-0.013863701621137925,-0.00921044014889565,0.280785301958711,1,-0.0,0.0,-0.0
2024-10-25,353.5145568847656,384.5965270996094,-93.22760506857423,-0.49280677354365837,0,0,EXIT,-0.007052060321769638,-0.009362137976788976,-0.0,1.295636656014915,-0.5999710752638467,-0.31710294003663153,-0.5547109327135347,1.7112769301446065,-2.8057656513605593,-0.014327544476322274,-0.0062510557182607895,0.33006639611691235,0,0.0,0.0,0.0
2024-10-28,357.679443359375,388.4336853027344,-93.51991004171055,-0.5111116181796719,0,0,HOLD,0.011781371922308104,0.009977100500783154,0.0,1.295636656014915,-0.49280677354365837,-0.5999710752638467,-0.31710294003663153,-0.29230497313631076,1.4189719570082957,-0.015367850704427411,-0.007834718873397284,0.35429213537570875,1,-0.0,0.0,-0.0
2024-10-29,356.0548095703125,380.894287109375,-86.38688011984686,-0.0644240264401295,0,0,EXIT,-0.0045421502946988435,-0.019409743486802356,-0.0,1.295636656014915,-0.5111116181796719,-0.49280677354365837,-0.5999710752638467,7.133029921863681,6.84072494872737,-0.00960752062486887,-0.0016947233491772628,0.3755515751508161,0,0.0,0.0,0.0
2024-10-30,356.3206787109375,378.435791015625,-83.26525492661648,0.1310596957861815,0,0,EXIT,0.0007467084658843159,-0.0064545365392787435,0.0,1.295636656014915,-0.0644240264401295,-0.5111116181796719,-0.49280677354365837,3.1216251932303862,10.254655115094067,0.00015595722508852106,-0.0033375090159692756,0.3612133343822292,0,0.0,0.0,0.0
2024-10-31,353.2486572265625,379.6216735839844,-87.71478167971287,-0.14758043491468575,0,0,EXIT,-0.008621507725817823,0.003133642738116116,0.0,1.295636656014915,0.1310596957861815,-0.0644240264401295,-0.5111116181796719,-4.449526753096393,-1.3279015598660067,-0.00043629625495915646,-0.003528532342782853,0.3708148116412279,1,-0.0,0.0,-0.0
2024-11-01,352.46099853515625,378.5032653808594,-87.20331241908485,-0.11555099233819346,0,0,EXIT,-0.0022297570713795123,-0.002946112619351182,-0.0,1.295636656014915,-0.14758043491468575,0.1310596957861815,-0.0644240264401295,0.5114692606280187,-3.938057492468374,-0.0015375275908187768,-0.004423134952794161,0.3497867460641855,0,0.0,0.0,0.0
2024-11-04,368.6381530761719,381.3763427734375,-74.36348600086626,0.6885100033304332,0,0,HOLD,0.04589771523161024,0.007590627757694923,0.0,1.295636656014915,-0.11555099233819346,-0.14758043491468575,0.1310596957861815,12.839826418218593,13.351295678846611,-0.0005730669407407518,-0.0031399298813066024,0.3249650231095812,1,0.0,0.0,0.0
2024-11-05,372.3894958496094,385.7341613769531,-75.6741268054314,0.6064345051144078,0,0,HOLD,0.010176219531629282,0.011426557221207778,0.0,1.295636656014915,0.6885100033304332,-0.11555099233819346,-0.14758043491468575,-1.3106408045651392,11.529185613653453,0.006250201721119675,-0.0036172244299242486,0.3957159875090497,0,0.0,0.0,0.0
2024-11-06,374.8707580566406,374.4346618652344,-60.0675176824397,1.583758127857338,0,0,HOLD,0.0066630832359280134,-0.02929348925535402,0.0,1.295636656014915,0.6064345051144078,0.6885100033304332,-0.11555099233819346,15.6066091229917,14.29596831842656,0.0091938756863853,0.0025500357116777783,0.4466198123013978,1,0.0,0.0,0.0
2024-11-07,378.0904235839844,385.10748291015625,-69.2452577783522,1.0090258379381796,0,0,HOLD,0.00858873480565614,0.0285038275883851,0.0,1.295636656014915,1.583758127857338,0.6064345051144078,0.6885100033304332,-9.177740095912498,6.428869027079202,0.01037715064039404,-0.0020177548315372775,0.6794065879986273,1,0.0,0.0,0.0
2024-11-08,380.7193298339844,391.335693359375,-73.85095716082509,0.7206057993333799,0,0,HOLD,0.006953115143938593,0.016172654974538014,0.0,1.295636656014915,1.0090258379381796,1.583758127857338,0.6064345051144078,-4.605699382472892,-13.78343947838539,0.013819199146688832,0.0030562821385165194,0.6836681027829953,1,0.0,0.0,0.0
2024-11-11,383.2596130371094,393.6399230957031,-73.98723628083775,0.7120716711172271,0,0,HOLD,0.006672325264474255,0.005888115434980579,0.0,1.295636656014915,0.7206057993333799,1.0090258379381796,1.583758127857338,-0.1362791200126594,-4.741978502485551,0.015655773589752453,0.006880035657294359,0.639759648435425,0,-0.0,0.0,-0.0
2024-11-12,377.7655029296875,388.6168212890625,-73.64657877417466,0.7334044683893821,0,0,HOLD,-0.014335218010278372,-0.012760651326058192,-0.0,1.295636656014915,0.7120716711172271,0.7206057993333799,1.0090258379381796,0.34065750666309214,0.20437838665043273,0.007810695596325257,0.00653953319275149,0.5603138129774958,1,0.0,0.0,0.0
2024-11-13,381.3298034667969,395.47174072265625,-78.04486061105143,0.4579734183268664,0,0,EXIT,0.009435219757937485,0.01763927616631622,0.0,1.295636656014915,0.7334044683893821,0.7120716711172271,0.7206057993333799,-4.398281836876777,-4.0576243302136845,0.0029084080879437256,0.001702091483298296,0.5247266419640977,0,0.0,0.0,0.0
2024-11-14,382.4817810058594,391.1621398925781,-71.88690861219777,0.8435992713720699,0,0,HOLD,0.00302094808375708,-0.010897367337051933,0.0,1.295636656014915,0.4579734183268664,0.7334044683893821,0.7120716711172271,6.157951998853662,1.759670161976885,0.00346283539234562,0.011088644567632344,0.502520166721281,1,0.0,0.0,0.0
2024-11-15,373.8455810546875,393.5338439941406,-83.27804820319437,0.13025854985413912,0,0,EXIT,-0.02257937601226445,0.006063225091809343,0.0,1.295636656014915,0.8435992713720699,0.4579734183268664,0.7334044683893821,-11.391139590996602,-5.23318759214294,0.002349278047965808,0.0032084055825449377,0.4250055157290605,0,0.0,0.0,0.0
2024-11-18,370.2550048828125,395.7127990722656,-89.3996693372842,-0.25309217653872385,0,0,EXIT,-0.009604436574441544,0.0055368937421236275,0.0,1.295636656014915,0.13025854985413912,0.8435992713720699,0.4579734183268664,-6.121621134089821,-17.512760725086423,-0.0035572201832748005,0.0011865196059992033,0.37525047296649877,1,-0.0,0.0,-0.0
2024-11-19,368.4301452636719,392.2033386230469,-87.14798681966323,-0.11208636944471011,0,0,EXIT,-0.0049286561831033415,-0.008868705933815058,-0.0,1.295636656014915,-0.25309217653872385,0.13025854985413912,0.8435992713720699,2.2516825176209636,-3.8699386164688576,-0.006812572551057961,0.001116275267427813,0.49197602870099577,0,-0.0,0.0,-0.0
2024-11-20,366.6151123046875,385.64739990234375,-81.34772938638162,0.2511397844790921,0,0,EXIT,-0.004926396448057813,-0.016715662706288548,-0.0,1.295636656014915,-0.11208636944471011,-0.25309217653872385,0.13025854985413912,5.800257433281615,8.051939950902579,-0.004931260185622954,0.00189466434587644,0.5489325832797726,1,0.0,0.0,0.0
2024-11-21,378.1168518066406,395.722412109375,-81.54898878828936,0.2385364337939145,0,0,EXIT,0.03137279156237893,0.026124932281619273,0.0,1.295636656014915,0.2511397844790921,-0.11208636944471011,-0.25309217653872385,-0.20125940190774827,5.598998031373867,-0.007803583426822014,-0.0049763234286445135,0.4271059765042587,1,0.0,0.0,0.0
2024-11-22,383.0292053222656,404.92974853515625,-87.33175363919065,-0.12359429229874623,0,0,EXIT,0.012991628096324703,0.02326715936229662,0.0,1.295636656014915,0.2385364337939145,0.2511397844790921,-0.11208636944471011,-5.7827648509012874,-5.984024252809036,-0.0021332147310976434,0.002428136495089728,0.38203012402537073,1,0.0,0.0,0.0
2024-11-25,394.28436279296875,413.2886657714844,-85.78620219615476,-0.026808121546374308,0,0,EXIT,0.02938459343128552,0.02064288254090174,0.0,1.295636656014915,-0.12359429229874623,0.2385364337939145,0.2511397844790921,1.5455514430358903,-4.237213407865397,0.004980986090620187,0.0058689233491871825,0.3896936843781652,0,0.0,0.0,0.0
2024-11-26,390.7628479003906,414.1081848144531,-90.259659405474,-0.3069468353145361,0,0,EXIT,-0.008931408964923171,0.0019829216497844193,0.0,1.295636656014915,-0.026808121546374308,-0.12359429229874623,0.2385364337939145,-4.4734572093192355,-2.927905766283345,0.012778792091765601,0.008890121108942805,0.3698587025020415,0,-0.0,0.0,-0.0
2024-11-27,388.6123962402344,414.0306396484375,-92.32003564197498,-0.4359725802282129,0,0,EXIT,-0.005503214217295382,-0.0001872582307214099,-0.0,1.295636656014915,-0.3069468353145361,-0.026808121546374308,-0.12359429229874623,-2.0603762365009857,-6.533833445820221,0.011978241535401635,0.0110604466256627,0.3534577536094349,1,0.0,0.0,0.0
2024-11-29,392.00567626953125,415.910888671875,-91.11082763245372,-0.36024904904974087,0,0,EXIT,0.008731785352516619,0.004541328209511475,0.0,1.295636656014915,-0.4359725802282129,-0.3069468353145361,-0.026808121546374308,1.2092080095212623,-0.8511682269797234,0.01186287798155412,0.014366127520776128,0.36837415168292204,1,-0.0,0.0,-0.0
2024-12-02,390.2104187011719,413.80767822265625,-90.46302418252287,-0.31968202968490783,0,0,EXIT,-0.004579672379858679,-0.005056877582442998,-0.0,1.295636656014915,-0.36024904904974087,-0.4359725802282129,-0.3069468353145361,0.6478034499308478,1.85701145945211,0.007334676739581658,0.010049406706354569,0.24582199881544572,0,0.0,0.0,0.0
2024-12-03,389.9539794921875,416.12408447265625,-93.41016978943378,-0.5042394180706906,0,0,HOLD,-0.0006571818605919377,0.005597784603584843,0.0,1.295636656014915,-0.31968202968490783,-0.36024904904974087,-0.4359725802282129,-2.947145606910908,-2.2993421569800603,0.0038204166443449815,0.0043845993174066455,0.24012943376330292,0,-0.0,0.0,-0.0
2024-12-04,386.7480773925781,414.7381591796875,-95.00619967736213,-0.6041866711724662,0,0,HOLD,-0.008221231909940285,-0.003330557746315299,-0.0,1.295636656014915,-0.5042394180706906,-0.31968202968490783,-0.36024904904974087,-1.5960298879283528,-4.543175494839261,-0.0021879384140305103,0.001375579729943266,0.26459263776326913,0,-0.0,0.0,-0.0
2024-12-05,380.0107421875,413.4006652832031,-100.18991993063372,-0.9288037752011555,0,0,HOLD,-0.017420474978183886,-0.003224911590314794,-0.0,1.295636656014915,-0.6041866711724662,-0.5042394180706906,-0.31968202968490783,-5.183720253271588,-6.779750141199941,-0.0020459030030339333,0.00031288385072332227,0.296468244492846,0,0.0,0.0,0.0
2024-12-06,379.73455810546875,418.0818786621094,-105.90373861958341,-1.2866169258203912,0,0,HOLD,-0.000726779670599309,0.011323671614556607,0.0,1.295636656014915,-0.9288037752011555,-0.6041866711724662,-0.5042394180706906,-5.7138186889496865,-10.897538942221274,-0.004429355155211634,-0.0002946468211953546,0.32216825290389517,0,-0.0,0.0,-0.0
2024-12-09,371.3400573730469,415.95928955078125,-111.83266834000352,-1.6579008496813898,0,0,HOLD,-0.022106233297024214,-0.005076969894319605,-0.0,1.295636656014915,-1.2866169258203912,-0.9288037752011555,-0.6041866711724662,-5.928929720420115,-11.642748409369801,-0.00632106815983482,0.001061821859813672,0.37586324311653474,1,-0.0,0.0,-0.0
2024-12-10,366.555908203125,409.5723571777344,-109.19784262187153,-1.4929016883743131,0,0,HOLD,-0.012883471833785354,-0.015354705456739559,-0.0,1.295636656014915,-1.6579008496813898,-1.2866169258203912,-0.9288037752011555,2.6348257181319923,-3.2941040022881225,-0.009826380343267927,0.0010578033974383504,0.5018497095677379,1,0.0,0.0,0.0
2024-12-11,366.89129638671875,408.39959716796875,-107.50019215742407,-1.3865907089046767,0,0,HOLD,0.0009149714302461032,-0.0028633768593340214,0.0,1.295636656014915,-1.4929016883743131,-1.6579008496813898,-1.2866169258203912,1.697650464447463,4.332476182579455,-0.01227163833790661,-0.00313269461462653,0.5157479199711785,1,-0.0,0.0,-0.0
2024-12-12,361.8703918457031,401.6540222167969,-104.68552740708122,-1.2103295922884254,0,0,HOLD,-0.013684992231931759,-0.016517095016618022,-0.0,1.295636656014915,-1.3865907089046767,-1.4929016883743131,-1.6579008496813898,2.8146647503428426,4.512315214790306,-0.010444397669869331,-0.0030392584372302745,0.5164537343476909,0,0.0,0.0,0.0
2024-12-13,359.55230712890625,404.1351318359375,-109.88563574394846,-1.535972957762076,0,0,HOLD,-0.00640584244810305,0.006177230855169746,0.0,1.295636656014915,-1.2103295922884254,-1.3865907089046767,-1.4929016883743131,-5.200108336867231,-2.3854435865243886,-0.009697301120618906,-0.00569769512249092,0.4972234079429445,1,0.0,0.0,0.0
2024-12-16,360.0751037597656,398.0582580566406,-102.30402412442044,-1.0611940947923457,0,0,HOLD,0.0014540210714653057,-0.015036737221261531,0.0,1.295636656014915,-1.535972957762076,-1.2103295922884254,-1.3865907089046767,7.581611619528019,2.3815032826607876,-0.010833113676119655,-0.006726983274368293,0.47413856737343407,1,-0.0,0.0,-0.0
2024-12-17,357.8655090332031,395.88726806640625,-101.99182602791569,-1.0416434946405189,0,0,HOLD,-0.006136482926730413,-0.005453950386140383,-0.0,1.295636656014915,-1.0611940947923457,-1.535972957762076,-1.2103295922884254,0.31219809650474417,7.893809716032763,-0.006121062802421751,-0.008718936739756678,0.390396514067435,1,-0.0,0.0,-0.0
2024-12-18,343.92730712890625,381.6885986328125,-99.43704416176473,-0.8816568730068524,0,0,HOLD,-0.03894815664675766,-0.03586543589275537,-0.0,1.295636656014915,-1.0416434946405189,-1.0611940947923457,-1.535972957762076,2.554781866150961,2.866979962655705,-0.004771665021010762,-0.006738785725636842,0.3196183621012656,1,-0.0,0.0,-0.0
2024-12-19,337.7325439453125,373.1596374511719,-95.72468055397326,-0.649179681996748,0,0,HOLD,-0.01801183870890455,-0.022345339138216014,-0.0,1.295636656014915,-0.8816568730068524,-1.0416434946405189,-1.0611940947923457,3.712363607791474,6.267145473942435,-0.012744290636411516,-0.013339197532321111,0.26804090594828284,0,0.0,0.0,0.0
2024-12-20,340.78057861328125,380.5061340332031,-101.21023767527572,-0.9926985409817226,0,0,HOLD,0.009024995436810235,0.01968727548405491,0.0,1.295636656014915,-0.649179681996748,-0.8816568730068524,-1.0416434946405189,-5.485557121302463,-1.7731935135109893,-0.013609659931806073,-0.01450484635664071,0.31547070081270845,0,-0.0,0.0,-0.0
2024-12-23,340.1591491699219,380.36077880859375,-101.66282444139381,-1.0210406192885602,0,0,HOLD,-0.001823547121987179,-0.00038200494448981104,-0.0,1.295636656014915,-0.9926985409817226,-0.649179681996748,-0.8816568730068524,-0.45258676611808824,-5.938143887420551,-0.010523492354823416,-0.011802837430863678,0.3222351741491494,0,0.0,0.0,0.0
2024-12-24,341.81634521484375,383.9371032714844,-104.15983887374068,-1.1774097044518093,0,0,HOLD,0.004871825582130729,0.009402453307864045,0.0,1.295636656014915,-1.0210406192885602,-0.9926985409817226,-0.649179681996748,-2.497014432346873,-2.9496011984649613,-0.011179005993513912,-0.008871890975509333,0.2798529340426496,1,-0.0,0.0,-0.0
2024-12-26,340.8200988769531,382.9679260253906,-104.03030193558067,-1.1692977879756628,0,0,HOLD,-0.002914566116680173,-0.0025243125445170156,-0.0,1.295636656014915,-1.1774097044518093,-1.0210406192885602,-0.9926985409817226,0.12953693816001532,-2.3674774941868577,-0.008977344291741685,-0.005900610236708448,0.25028095132077594,1,-0.0,0.0,-0.0
2024-12-27,338.6302185058594,380.7581481933594,-103.6533340473751,-1.145691146760047,0,0,HOLD,-0.006425326376905849,-0.005770138128707747,-0.0,1.295636656014915,-1.1692977879756628,-1.1774097044518093,-1.0210406192885602,0.37696788820557003,0.5065048263655854,-0.0017706261857261874,0.0007676144329392231,0.23090972932287554,0,-0.0,0.0,-0.0
2024-12-30,334.1518249511719,377.43377685546875,-104.27018249185329,-1.1843196887892464,0,0,HOLD,-0.013225026326497247,-0.008730926320721588,-0.0,1.295636656014915,-1.145691146760047,-1.1692977879756628,-1.1774097044518093,-0.6168484444781939,-0.23988055627262383,0.0005466762806735526,0.004082654634840877,0.22755103229597398,1,0.0,0.0,0.0
